,/lpc/nct6796dr/control/0,/lpc/nct6796dr/control/1,/lpc/nct6796dr/control/2,/lpc/nct6796dr/control/3,/lpc/nct6796dr/control/4,/lpc/nct6796dr/control/5,/lpc/nct6796dr/control/6,/lpc/nct6796dr/voltage/0,/lpc/nct6796dr/voltage/1,/lpc/nct6796dr/voltage/2,/lpc/nct6796dr/voltage/3,/lpc/nct6796dr/voltage/4,/lpc/nct6796dr/voltage/5,/lpc/nct6796dr/voltage/6,/lpc/nct6796dr/voltage/7,/lpc/nct6796dr/voltage/9,/lpc/nct6796dr/voltage/10,/lpc/nct6796dr/voltage/11,/lpc/nct6796dr/voltage/12,/lpc/nct6796dr/voltage/13,/lpc/nct6796dr/voltage/14,/lpc/nct6796dr/temperature/0,/lpc/nct6796dr/temperature/1,/lpc/nct6796dr/temperature/2,/lpc/nct6796dr/temperature/3,/lpc/nct6796dr/temperature/4,/lpc/nct6796dr/temperature/5,/lpc/nct6796dr/temperature/6,/lpc/nct6796dr/fan/1,/intelcpu/0/load/1,/intelcpu/0/load/2,/intelcpu/0/load/3,/intelcpu/0/load/4,/intelcpu/0/load/5,/intelcpu/0/load/6,/intelcpu/0/load/7,/intelcpu/0/load/8,/intelcpu/0/load/0,/intelcpu/0/temperature/0,/intelcpu/0/temperature/1,/intelcpu/0/temperature/2,/intelcpu/0/temperature/3,/intelcpu/0/temperature/4,/intelcpu/0/temperature/5,/intelcpu/0/temperature/6,/intelcpu/0/temperature/7,/intelcpu/0/temperature/8,/intelcpu/0/clock/1,/intelcpu/0/clock/2,/intelcpu/0/clock/3,/intelcpu/0/clock/4,/intelcpu/0/clock/5,/intelcpu/0/clock/6,/intelcpu/0/clock/7,/intelcpu/0/clock/8,/intelcpu/0/power/0,/intelcpu/0/power/1,/intelcpu/0/power/2,/intelcpu/0/power/3,/intelcpu/0/clock/0,/ram/load/0,/ram/data/0,/ram/data/1,/hdd/0/temperature/0,/hdd/0/load/0
Time,"Fan Control #1","Fan Control #2","Fan Control #3","Fan Control #4","Fan Control #5","Fan Control #6","Fan Control #7","CPU VCore","Voltage #2","AVCC","3VCC","Voltage #5","Voltage #6","Voltage #7","3VSB","VTT","Voltage #11","Voltage #12","Voltage #13","Voltage #14","Voltage #15","CPU Core","Temperature #1","Temperature #2","Temperature #3","Temperature #4","Temperature #5","Temperature #6","Fan #2","CPU Core #1","CPU Core #2","CPU Core #3","CPU Core #4","CPU Core #5","CPU Core #6","CPU Core #7","CPU Core #8","CPU Total","CPU Core #1","CPU Core #2","CPU Core #3","CPU Core #4","CPU Core #5","CPU Core #6","CPU Core #7","CPU Core #8","CPU Package","CPU Core #1","CPU Core #2","CPU Core #3","CPU Core #4","CPU Core #5","CPU Core #6","CPU Core #7","CPU Core #8","CPU Package","CPU Cores","CPU Graphics","CPU DRAM","Bus Speed","Memory","Used Memory","Available Memory","Temperature","Used Space"
10/09/2022 22:43:00,90.98039,65.09804,60,60,30.19608,30.19608,60,1.23200011,1.672,3.47200012,3.37600017,0.992000043,1.064,1.3440001,3.47200012,0.528,0.528,0.480000019,0.904000044,1.28000009,1.672,62,34,28,8.5,22,28,-12,2039.2749,73.71472,65.12019,67.7171249,67.1875,67.97314,69.80847,65.12019,66.1786652,67.85249,49,47,50,49,49,62,47,49,62,4606.344,4606.344,4606.344,4606.344,4606.344,4606.344,4606.344,4606.344,90.86373,90.23743,0.008848739,1.04402912,100.137917,14.1754379,4.481247,27.1315269,33,9.024544
10/09/2022 22:43:05,91.37255,65.4902,60,60,30.19608,30.19608,60,1.20800006,1.672,3.47200012,3.37600017,0.992000043,1.064,1.3440001,3.47200012,0.528,0.528,0.480000019,0.904000044,1.28000009,1.672,65,35,28,8,22,28,-12,1994.09155,62.01923,65.33978,62.5,70.7692261,71.875,62.80048,62.5757561,64.07814,65.2447,51,49,66,49,62,52,50,50,67,4606.344,4606.344,4606.344,4606.344,4606.344,4606.344,4606.344,4606.344,92.81135,92.10552,0.05349625,1.12456715,100.137917,14.5090942,4.586727,27.0260468,33,9.024544
10/09/2022 22:43:10,93.7254944,68.62745,60,60,30.19608,30.19608,60,1.2,1.672,3.47200012,3.37600017,0.992000043,1.056,1.35200012,3.47200012,0.528,0.528,0.480000019,0.904000044,1.28000009,1.672,64,36,28,8,22,28,-12,2149.68164,64.0625,65.625,71.09375,67.1875,64.84375,68.75,61.71875,64.0625,65.91797,52,50,52,50,52,52,51,51,52,4606.344,4606.344,4606.344,4606.344,4706.482,4706.482,4506.206,3905.37866,90.8939362,90.16509,0.0680424348,1.08586681,100.137917,14.9056854,4.712101,26.9006729,33,9.024544
10/09/2022 22:43:15,94.90196,69.8039246,60,60,30.19608,30.19608,60,1.2,1.672,3.47200012,3.37600017,0.992000043,1.064,1.3440001,3.47200012,0.528,0.528,0.480000019,0.904000044,1.28000009,1.672,66,37,28,8.5,22,28,-12,2180.937,59.23077,58.4615364,60.76923,69.07452,62.3076935,60.76923,60.76923,60.76923,61.5189323,69,61,58,56,59,58,65,54,69,4606.344,4606.344,4606.344,4606.344,4606.344,4606.344,4606.344,4606.344,98.02348,97.3568,0.0124776484,1.13114214,100.137917,15.31707,4.84215164,26.7706223,33,9.024544
10/09/2022 22:43:20,98.82353,76.07843,60,60,30.19608,30.19608,60,1.20800006,1.672,3.47200012,3.37600017,0.992000043,1.064,1.3440001,3.456,0.528,0.528,0.480000019,0.904000044,1.28000009,1.672,68.5,38,28,8,22,28,-12,2307.69238,71.53846,71.56724,70.7692261,73.8461456,72.86057,78.46154,74.61539,70.7692261,73.0534744,69,54,57,55,56,56,55,55,69,4606.344,4606.344,4305.93066,4606.344,801.1034,801.1034,801.1034,801.1034,95.02889,94.3303146,0.004509655,1.051411,100.137924,15.8765564,5.01902,26.5937538,33,9.024544
10/09/2022 22:43:25,96.86275,75.29412,60,60,30.19608,30.19608,60,1.2,1.672,3.47200012,3.37600017,0.992000043,1.064,1.3440001,3.456,0.528,0.528,0.480000019,0.904000044,1.28000009,1.672,68.5,38,28,8,22,28,-12,2292.02026,63.3566437,65.90909,62.878788,64.3939362,64.3939362,70.7692261,64.13753,63.636364,64.93443,59,57,61,59,59,60,58,56,61,4606.34375,4606.34375,4606.34375,4606.34375,4606.34375,4606.34375,4606.34375,4606.34375,96.214325,95.58546,0.00281457254,1.00651562,100.1379,16.1094284,5.092636,26.5201378,33,9.024544
10/09/2022 22:43:30,96.86275,73.7254944,60,60,30.19608,30.19608,60,1.2240001,1.672,3.47200012,3.37600017,0.992000043,1.064,1.3440001,3.456,0.528,0.536,0.480000019,0.904000044,1.28000009,1.672,67.5,39,28,8,22,28,-12,2303.75415,62.5,78.90625,62.5,62.5,62.5,60.9375,61.71875,62.77644,64.29237,67,65,69,68,69,69,67,66,69,4606.344,4606.344,4606.344,4606.344,4706.482,4706.482,4606.344,3905.379,96.3275146,95.60381,0.101732247,1.02366173,100.137917,15.9142761,5.030945,26.58183,33,9.024757
10/09/2022 22:43:35,98.82353,78.0392151,60,60,30.19608,30.19608,60,1.20800006,1.672,3.47200012,3.37600017,0.992000043,1.064,1.3440001,3.47200012,0.528,0.528,0.480000019,0.904000044,1.28000009,1.672,69,40,28,8,22,28,-12,2406.417,68.74126,77.69231,66.68269,66.92708,70,69.53602,66.67068,67.15506,69.17564,58,57,59,58,58,58,56,57,59,4606.344,4005.51685,3404.68921,2803.86182,4506.20654,3604.965,3004.1377,801.1034,92.79554,92.11161,0.00545108644,0.982406855,100.137924,15.90461,5.02788925,26.5848846,33,9.024757
10/09/2022 22:43:40,97.6470642,74.1176453,60,60,30.19608,30.19608,60,1.20800006,1.672,3.47200012,3.37600017,0.992000043,1.064,1.3440001,3.456,0.528,0.528,0.480000019,0.904000044,1.28000009,1.672,66,40,28,8,23,28,-13,2276.55981,58.01865,64.61538,55.72261,57.6923065,60.0000038,60.0378761,60.0000038,58.7762222,59.35788,53,52,53,52,55,53,52,51,55,2203.034,1902.62024,1301.79272,801.1033,801.1033,801.1033,801.1033,1602.20654,82.3392258,81.7091,0.00546476,0.9162181,100.137909,15.90918,5.029335,26.5834389,33,9.024757
10/09/2022 22:43:45,99.60784,75.68628,60,60,30.19608,30.19608,60,1.20800006,1.672,3.47200012,3.37600017,0.992000043,1.064,1.3440001,3.456,0.528,0.536,0.480000019,0.904000044,1.28000009,1.68000007,71,41,28,8.5,22,28,-12,2335.64014,59.4383354,69.81971,62.03125,60.45673,67.1875,57.05739,62.69841,63.0769272,62.720787,56,54,56,54,68,55,54,54,68,4606.344,4706.482,4606.344,4606.344,4606.344,4606.344,4706.482,4606.344,89.1500244,88.55495,0.00568931736,0.9798941,100.137917,15.92466,5.03422546,26.5785484,33,9.024757
10/09/2022 22:43:50,91.76471,66.27451,60,60,30.19608,30.19608,60,1.0480001,1.672,3.47200012,3.37600017,0.992000043,1.064,1.3440001,3.47200012,0.528,0.528,0.480000019,0.904000044,1.28000009,1.672,61,41,28,8.5,22,28,-12,2272.72729,65.12019,74.83879,66.93948,66.15385,65.88943,66.40625,65.88943,66.6666641,67.23801,55,52,54,52,53,58,54,59,59,4606.344,4606.344,4706.48242,4105.655,3204.41357,2603.586,2002.75842,1401.93091,56.3465347,55.6192169,0.042671714,1.01843572,100.137924,16.0687332,5.079773,26.533,33,9.024757
10/09/2022 22:43:55,95.29412,71.37255,60,60,30.19608,30.19608,60,1.064,1.672,3.456,3.37600017,0.992000043,1.064,1.35200012,3.47200012,0.528,0.528,0.480000019,0.904000044,1.28000009,1.672,63,42,28,8.5,23,28,-12,2238.806,72.30769,66.4102554,65.65268,65.65268,66.42191,66.16951,66.42191,65.65268,66.83617,52,51,53,51,53,52,52,51,53,1802.48218,1201.65479,801.1032,801.1032,801.1032,801.1032,801.1032,801.1032,66.07102,65.37093,0.0411921144,0.94724077,100.1379,16.1536484,5.106617,26.5061569,33,9.024757
10/09/2022 22:44:00,97.6470642,73.7254944,60,60,30.19608,30.19608,60,1.2240001,1.672,3.47200012,3.37600017,0.992000043,1.064,1.35200012,3.47200012,0.528,0.528,0.480000019,0.904000044,1.28000009,1.68000007,66.5,42,29,8,22,28,-13,2253.75635,74.21875,65.90144,67.72073,67.69231,76.48351,65.12019,66.92708,64.57093,68.57937,56,53,56,54,55,55,54,53,56,4105.6543,3504.82715,2903.99951,2303.172,1401.93079,801.103333,801.103333,801.103333,82.61023,81.89901,0.042697385,1.028214,100.137917,16.1988525,5.120907,26.4918671,33,9.024788
10/09/2022 22:44:05,97.2549057,71.37255,60,60,30.19608,30.19608,60,1.20800006,1.672,3.456,3.37600017,0.992000043,1.064,1.3440001,3.47200012,0.528,0.536,0.480000019,0.904000044,1.28000009,1.672,70,42,29,8,22,28,-12,2191.55835,53.43823,61.4820061,70.7692261,54.1958046,56.1553,64.3629761,56.1538467,63.16239,59.9649658,57,55,57,56,56,57,55,67,67,4606.344,4606.344,4606.344,4606.344,4606.344,4606.344,4706.482,4606.344,92.44279,91.8045,0.00318245,1.00583434,100.137917,16.3011169,5.15323639,26.4595375,33,9.024788
10/09/2022 22:44:10,98.82353,74.1176453,60,60,30.19608,30.19608,60,1.21600008,1.672,3.47200012,3.37600017,0.992000043,1.064,1.3440001,3.47200012,0.528,0.528,0.480000019,0.904000044,1.28000009,1.672,69.5,42,29,8,22,28,-12,2323.58,58.3002434,57.6923065,70.43851,58.125,57.3798065,56.5985565,62.9156342,59.23077,60.0851059,58,55,58,56,57,58,56,56,58,3705.10278,3104.27515,2503.44775,1602.20654,1001.37909,801.1033,801.1033,801.1033,89.1217651,88.5262451,0.003522722,0.897383034,100.137909,16.3668442,5.174015,26.4387589,33,9.024788
10/09/2022 22:44:15,95.29412,74.90196,60,60,30.19608,30.19608,60,1.072,1.672,3.47200012,3.37600017,0.992000043,1.064,1.3440001,3.47200012,0.528,0.528,0.480000019,0.904000044,1.28000009,1.672,63,43,29,8.5,22,28,-12,2311.6438,67.72073,66.40625,77.88938,67.1875,66.4102554,67.72073,67.4399,66.4102554,68.39813,54,53,55,53,55,55,54,53,55,4105.6543,3805.24072,3204.413,2303.17188,1702.34448,4105.6543,3504.827,2903.99951,65.00472,64.41711,0.00353836571,0.882334232,100.137909,16.3438721,5.166752,26.446022,33,9.024788
10/09/2022 22:44:20,93.3333359,70.98039,60,60,30.19608,30.19608,60,0.704000056,1.672,3.47200012,3.37600017,0.992000043,1.064,1.35200012,3.456,0.528,0.528,0.480000019,0.904000044,1.28000009,1.672,61,43,29,8,23,28,-13,2295.91846,68.27117,65.625,76.86492,67.1875,68.50198,67.72073,67.96875,66.92708,68.63339,51,50,52,50,51,51,51,50,52,801.102661,801.102661,4606.34033,4606.34033,4606.34033,4606.34033,4606.34033,4606.34033,53.6495819,53.07139,0.00665081758,0.892796,100.137833,16.562294,5.2358017,26.3769722,33,9.024788
10/09/2022 22:44:25,96.86275,72.15686,60,60,30.19608,30.19608,60,1.2240001,1.672,3.47200012,3.37600017,0.992000043,1.064,1.3440001,3.456,0.528,0.528,0.480000019,0.904000044,1.28000009,1.672,64.5,43,29,8,22,28,-12,2195.122,60.33266,62.0072136,70.00248,63.28125,61.1391144,62.7268143,60.65228,60.33266,62.5593071,55,53,55,53,55,55,54,53,56,3204.41333,2603.58569,1702.34448,1101.51709,801.103333,801.103333,801.103333,4806.61963,78.9505157,78.28105,0.00365664018,0.876154959,100.137917,16.5506439,5.2321167,26.3806572,33,9.024788
10/09/2022 22:44:30,97.6470642,73.3333359,60,60,30.19608,30.19608,60,1.20800006,1.672,3.47200012,3.37600017,0.992000043,1.064,1.35200012,3.456,0.528,0.528,0.480000019,0.904000044,1.28000009,1.672,69.5,43,29,8.5,22,28,-12,2272.72729,54.96503,59.8484879,67.35577,57.5757561,68.89423,54.96503,55.3977242,55.3030319,59.28813,56,54,56,55,58,56,55,54,58,4406.069,3805.24121,4406.069,3805.24121,4606.34473,4105.655,3504.82739,2904,84.89907,84.2917252,0.003121082,0.9270214,100.137924,16.5505219,5.23207855,26.3806953,34,9.025383
10/09/2022 22:44:35,98.82353,74.5098,60,60,30.19608,30.19608,60,1.08,1.672,3.47200012,3.37600017,0.992000043,1.064,1.3440001,3.47200012,0.528,0.528,0.480000019,0.904000044,1.28000009,1.672,67,44,29,8,22,28,-12,2257.52515,52.7163429,53.4855766,66.04662,52.7163429,54.2668266,54.7883034,52.39415,51.9350929,54.793663,56,54,56,54,56,56,54,54,56,3604.96533,3004.1377,4606.34473,3905.37915,3304.55151,2703.724,2102.89648,801.1034,82.46226,81.90294,0.00324240373,0.8828946,100.137924,16.544342,5.23012543,26.3826485,34,9.025383
10/09/2022 22:44:40,94.1176453,76.86275,60,60,30.19608,30.19608,60,1.056,1.672,3.47200012,3.37600017,0.992000043,1.064,1.3440001,3.456,0.528,0.528,0.480000019,0.904000044,1.28000009,1.672,62.5,44,29,8,22,28,-12,2380.95239,72.65625,72.65625,78.90625,73.4375,71.875,73.4375,74.21875,74.21875,73.92578,59,59,61,60,61,64,60,60,64,4105.6543,4305.93,4506.20557,4606.34375,4606.34375,4706.48145,4606.34375,4606.34375,63.4497147,62.8553162,0.00371193653,0.9526898,100.137909,16.5626,5.235897,26.3768768,34,9.025383
10/09/2022 22:44:45,96.07843,73.3333359,60,60,30.19608,30.19608,60,1.21600008,1.672,3.47200012,3.37600017,0.992000043,1.064,1.3440001,3.456,0.528,0.528,0.480000019,0.904000044,1.28000009,1.672,69,44,29,8,22,28,-12,2284.264,71.875,60.9375,60.9375,62.5,60.15625,61.71875,60.9375,61.71875,62.5976563,61,60,65,62,63,63,61,62,65,4105.6543,4205.79248,4205.79248,3604.96484,3004.13745,2102.89624,4606.344,4606.344,88.36188,87.48981,0.165619254,1.044574,100.137917,16.5959778,5.24644852,26.3663254,34,9.025383
10/09/2022 22:44:50,92.94118,67.84314,60,60,30.19608,30.19608,60,1.056,1.672,3.47200012,3.37600017,0.992000043,1.064,1.3440001,3.47200012,0.528,0.528,0.480000019,0.904000044,1.28000009,1.672,61.5,44,29,8,22,28,-12,2311.6438,79.6875,70.7692261,70.30525,71.42857,72.7106247,71.89255,70.7692261,70,72.1953659,57,55,56,54,56,56,55,54,57,4205.79248,4205.79248,3604.96484,2703.72363,2102.89624,1502.06873,901.2412,801.103333,57.6933556,57.0032349,0.0566855371,1.01502538,100.137917,16.83088,5.320709,26.2920647,34,9.025383
10/09/2022 22:44:55,96.47059,70.98039,60,60,30.19608,30.19608,60,1.136,1.672,3.456,3.37600017,0.992000043,1.064,1.3440001,3.456,0.528,0.528,0.480000019,0.904000044,1.28000009,1.672,69.5,44,29,8.5,22,28,-12,2202.284,76.5625,65.625,66.40625,65.625,66.40625,66.40625,67.96875,65.625,67.578125,64,62,66,64,66,65,63,62,66,4005.5166,4005.5166,4105.6543,4005.5166,4005.5166,3905.37866,3905.37866,4005.5166,97.20263,96.55641,0.0150491213,1.05923116,100.137917,16.938652,5.35477829,26.2579956,34,9.025383
10/09/2022 22:45:00,95.68628,72.54902,60,60,30.19608,30.19608,60,1.20800006,1.672,3.456,3.37600017,0.992000043,1.064,1.3440001,3.456,0.528,0.528,0.480000019,0.904000044,1.28000009,1.672,69,44,29,8.5,23,28,-12,2253.75635,60.76923,63.0769272,60.76923,62.3076935,60.76923,60.0000038,72.9567261,61.53846,62.77343,62,62,64,63,64,64,62,62,64,4005.5166,4005.5166,4005.5166,4005.5166,4005.5166,3905.37866,3905.37866,4005.5166,94.14063,93.4637756,0.0142667517,0.977844357,100.137917,17.0528412,5.390877,26.2218971,34,9.02561951
10/09/2022 22:45:06,97.2549057,74.5098,60,60,30.19608,30.19608,60,1.20800006,1.672,3.47200012,3.37600017,0.992000043,1.064,1.3440001,3.47200012,0.528,0.528,0.480000019,0.904000044,1.28000009,1.672,67,45,29,8.5,22,28,-12,2311.6438,64.84375,64.0625,62.5,62.5,62.5,64.0625,63.28125,72.01923,64.4711456,61,60,63,62,63,63,61,61,63,3905.37866,3905.37866,4005.5166,4005.5166,4105.655,4105.655,4105.655,3805.24072,87.5617447,86.70517,0.140884623,1.12324131,100.137917,17.2659683,5.458252,26.1545219,34,9.02561951
10/09/2022 22:45:11,96.47059,73.7254944,60,60,30.19608,30.19608,60,1.064,1.672,3.456,3.37600017,0.992000043,1.064,1.3440001,3.456,0.528,0.528,0.480000019,0.904000044,1.28000009,1.672,65.5,45,29,8,22,28,-12,2276.55981,69.2307739,67.69231,68.46154,67.69231,68.46154,68.46154,75.2524,68.46154,69.21424,61,60,64,62,62,63,62,60,64,4005.516,4005.516,4005.516,4005.516,4005.516,4205.792,4205.792,3905.37817,83.93958,83.2883148,0.00398272974,0.9712346,100.1379,17.3472748,5.48395538,26.1288185,34,9.02561951
10/09/2022 22:45:16,92.94118,68.2353,60,60,30.19608,30.19608,60,1.2,1.672,3.456,3.37600017,0.992000043,1.064,1.35200012,3.47200012,0.528,0.536,0.480000019,0.904000044,1.28000009,1.672,69.5,45,29,8,22,28,-12,2119.30933,58.4615364,69.08654,58.1370163,58.4615364,58.4615364,59.23077,61.53846,60.0000038,60.42217,70,60,66,64,64,64,67,61,70,4606.344,4606.344,4606.344,4606.344,4606.344,4606.344,4606.344,4606.344,102.819,102.230324,0.00384678482,0.9953403,100.137917,17.4822159,5.526615,26.0861588,34,9.02561951
10/09/2022 22:45:21,99.21569,79.60784,60,60,30.19608,30.19608,60,1.21600008,1.672,3.47200012,3.37600017,0.992000043,1.064,1.3440001,3.456,0.528,0.528,0.480000019,0.904000044,1.28000009,1.672,69.5,45,29,8,23,28,-12,2432.43237,72.30769,73.07692,73.8461456,79.11057,69.2307739,71.53846,70.54086,69.2307739,72.3602753,63,63,66,64,65,65,64,63,66,4005.51636,4105.6543,4105.6543,4005.51636,4005.51636,4005.51636,4005.51636,4005.51636,96.11289,95.4942,0.00211549574,0.946472764,100.137909,17.6903152,5.5923996,26.0203743,34,9.02561951
10/09/2022 22:45:26,98.0392151,75.68628,60,60,30.19608,30.19608,60,1.09600008,1.672,3.47200012,3.37600017,0.992000043,1.064,1.35200012,3.47200012,0.528,0.528,0.480000019,0.904000044,1.28000009,1.672,65.5,45,29,8,22,28,-12,2372.5835,75.50843,67.46032,66.6666641,72.22222,69.84126,71.42857,69.0476151,66.6666641,69.85521,61,60,63,62,63,63,62,61,63,4005.51636,4005.51636,4105.6543,4005.51636,4005.51636,4005.51636,4005.51636,4205.79248,86.65423,86.04564,0.002190686,0.95313096,100.137909,17.9230881,5.665985,25.9467888,34,9.02561951
10/09/2022 22:45:31,96.47059,73.3333359,60,60,30.19608,30.19608,60,1.128,1.672,3.47200012,3.37600017,0.992000043,1.064,1.35200012,3.47200012,0.528,0.528,0.480000019,0.904000044,1.28000009,1.672,67,45,29,8,22,28,-12,2303.75415,67.4399,70.22145,65.64102,66.68269,64.8834457,73.8461456,66.15385,68.99039,67.98236,63,62,64,63,63,63,62,62,64,4005.5166,4005.5166,4005.5166,4005.5166,4005.5166,4005.5166,4005.5166,4005.5166,91.4061,90.85612,0.00188976119,0.9400647,100.137917,17.9322662,5.668888,25.9438858,34,9.025764
10/09/2022 22:45:36,97.2549057,74.5098,60,60,30.19608,30.19608,60,1.23200011,1.672,3.47200012,3.37600017,0.992000043,1.064,1.35200012,3.47200012,0.528,0.528,0.480000019,0.904000044,1.28000009,1.672,69.5,45,30,8,22,28,-12,2288.1355,70.625,60.76923,60.76923,60.76923,60.76923,61.25,59.23077,60.0000038,61.7728348,62,61,66,64,67,66,62,62,67,4305.93,4205.79248,4105.6543,4105.6543,4105.6543,4105.6543,4005.5166,4005.5166,99.291,98.66951,0.002071642,0.9264505,100.137917,18.14238,5.7353096,25.8774643,34,9.025764
10/09/2022 22:45:41,98.0392151,74.90196,60,60,30.19608,30.19608,60,1.20800006,1.672,3.47200012,3.37600017,0.992000043,1.064,1.3440001,3.456,0.528,0.528,0.480000019,0.904000044,1.28000009,1.672,67,45,30,8,22,28,-12,2356.021,75.55804,74.0079346,73.8095245,73.01587,73.01587,74.60318,74.60318,74.82639,74.17999,61,61,63,62,63,63,62,61,63,4005.51636,4005.51636,3905.37842,3905.37842,3905.37842,3905.37842,3905.37842,3905.37842,92.772995,92.02185,0.0334631354,1.10623753,100.137909,18.301651,5.78566,25.8271141,34,9.025764
10/09/2022 22:45:46,94.5098,72.54902,60,60,30.19608,30.19608,60,1.23200011,1.672,3.47200012,3.37600017,0.992000043,1.064,1.3440001,3.47200012,0.528,0.528,0.480000019,0.904000044,1.28000009,1.672,66.5,46,30,8.5,22,28,-13,2276.55981,70.3125,60.9375,62.03125,60.46875,58.9182663,59.6875,58.1370163,58.9182663,61.176384,60,60,60,58,60,59,58,56,62,4005.5166,4005.5166,3905.37866,3905.37866,4005.5166,4005.5166,4005.5166,4005.5166,91.30148,90.7437057,0.0089107845,0.945824862,100.137917,18.29863,5.784706,25.8280678,34,9.025764
10/09/2022 22:45:51,96.07843,72.94118,60,60,30.19608,30.19608,60,1.1680001,1.672,3.47200012,3.37600017,0.992000043,1.064,1.3440001,3.456,0.528,0.528,0.480000019,0.904000044,1.28000009,1.672,70.5,45,30,8,22,28,-12,2319.58765,63.4920578,64.28571,66.91468,65.07937,71.60218,63.4920578,61.9047623,73.93353,66.33804,62,61,64,62,64,65,62,62,65,3905.37817,3905.37817,4005.516,3905.37817,3905.37817,3905.37817,4005.516,4005.516,93.3295441,92.68837,0.00347900228,1.05133009,100.1379,18.3764725,5.809311,25.803463,34,9.025764
10/09/2022 22:45:56,87.45098,67.45098,60,60,30.19608,30.19608,60,0.648,1.672,3.47200012,3.37600017,0.992000043,1.064,1.35200012,3.47200012,0.528,0.528,0.480000019,0.904000044,1.28000009,1.672,52,46,30,8,23,28,-13,2323.58,2.34375,3.90625,0,0.78125,0,0,1.5625,2.34375,1.3671875,55,56,56,56,58,57,62,56,62,4606.344,4606.344,4606.344,4606.344,4606.344,4606.344,4606.344,4606.344,22.6254559,22.0303936,0.00180650537,0.728322744,100.137917,18.319046,5.791157,25.8216171,34,9.025764
10/09/2022 22:46:01,92.15687,67.84314,60,60,30.19608,30.19608,60,1.184,1.672,3.47200012,3.37600017,0.992000043,1.064,1.35200012,3.47200012,0.528,0.528,0.480000019,0.904000044,1.28000009,1.68000007,63,46,30,8,23,28,-13,2250,0,4.615384,0,0,0,0,25.78125,0,3.79958153,52,51,52,51,53,52,63,52,63,4606.344,4606.344,4606.344,4606.344,4606.344,4606.344,4606.344,4606.344,32.98705,32.38759,0.0114749055,0.896003842,100.137924,18.32592,5.793331,25.8194427,34,9.026077
10/09/2022 22:46:06,91.37255,69.01961,60,60,30.19608,30.19608,60,0.648,1.672,3.47200012,3.37600017,0.992000043,1.064,1.3440001,3.456,0.528,0.528,0.480000019,0.904000044,1.28000009,1.68000007,57.5,46,30,8.5,22,28,-13,2250,8.4615345,13.2211571,8.4615345,7.69230747,7.69230747,17.6923027,9.160841,8.4615345,10.1054487,62,61,64,63,64,67,63,63,67,4606.344,4606.344,4606.344,4606.344,4606.344,4606.344,4606.344,4606.344,31.0330715,30.387785,0.00521795033,0.8142402,100.137924,18.3552628,5.80260849,25.8101654,34,9.026077
10/09/2022 22:46:11,91.76471,70.98039,60,60,30.19608,30.19608,60,0.816000044,1.672,3.47200012,3.37600017,0.992000043,1.064,1.3440001,3.47200012,0.528,0.528,0.480000019,0.904000044,1.28000009,1.68000007,53,46,30,8,23,28,-13,2339.688,4.54545,3.05361152,5.303031,3.03030014,3.03030014,3.03030014,3.78787518,3.03030014,3.601402,49,48,50,49,49,49,51,49,51,4606.344,4606.344,4606.344,4606.344,4606.344,4606.344,4606.344,4606.344,19.77149,19.1681366,0.0211367831,0.7348913,100.137924,18.3595734,5.80397034,25.8088036,34,9.026077
10/09/2022 22:46:16,90.98039,65.8823547,60,60,30.19608,30.19608,60,0.664000034,1.672,3.47200012,3.37600017,0.992000043,1.064,1.3440001,3.456,0.528,0.528,0.480000019,0.904000044,1.28000009,1.68000007,54.5,46,30,8,23,28,-13,2360.14,3.858173,0,0.7692337,5.384612,16.1538486,0,0.7692337,0.78125,3.46454382,51,50,51,50,50,50,50,49,52,801.1034,801.1034,4606.34473,4606.34473,4606.34473,4606.34473,4606.34473,4606.34473,26.91583,26.300024,0.0109311175,0.827833652,100.137924,18.42479,5.824589,25.7881851,34,9.026077
10/09/2022 22:46:21,90.19608,70.19608,60,60,30.19608,30.19608,60,0.648,1.672,3.47200012,3.37600017,0.992000043,1.064,1.35200012,3.456,0.528,0.528,0.480000019,0.904000044,1.28000009,1.68000007,51.5,46,30,8.5,23,28,-13,2311.6438,10.0000019,7.69230747,7.69230747,12.4519234,6.153846,6.92307949,7.69230747,7.69230747,8.287275,50,49,50,50,50,50,53,50,53,4606.345,4606.345,4606.345,4606.345,4606.345,4606.345,4606.345,4606.345,21.3450775,20.6961727,0.02362137,0.7566919,100.137939,18.592804,5.877701,25.7350731,34,9.026077
10/09/2022 22:46:26,89.8039246,63.52941,60,60,30.19608,30.19608,60,1.2240001,1.672,3.47200012,3.37600017,0.992000043,1.064,1.35200012,3.47200012,0.528,0.528,0.480000019,0.904000044,1.28000009,1.672,59.5,46,30,8,23,28,-12,2170.418,3.93145084,1.5625,0,0,0,30.46875,0,0,4.49533463,49,48,49,49,49,50,50,48,50,2203.03564,1301.79382,801.1039,801.1039,801.1039,801.1039,801.1039,801.1039,27.5819321,26.8601646,0.0624765,0.9716724,100.137985,18.7310181,5.92139435,25.69138,34,9.026077
10/09/2022 22:46:31,77.64706,50.5882378,60,60,30.19608,30.19608,60,0.640000045,1.672,3.47200012,3.37600017,0.992000043,1.064,1.35200012,3.456,0.528,0.528,0.480000019,0.904000044,1.28000009,1.672,46,45,30,8,23,28,-13,1800,0,0,0,0.78125,0.7692337,0.78125,0,0.78125,0.389122963,45,45,45,44,45,45,45,44,45,2403.30859,2403.30859,4606.34131,4606.34131,4606.34131,4606.34131,801.102844,801.102844,11.0423117,10.389924,0.0163940713,0.713564038,100.137856,18.70414,5.912899,25.6998749,34,9.025955
10/09/2022 22:46:36,77.64706,50.5882378,60,60,30.19608,30.19608,60,1.2,1.672,3.47200012,3.37600017,0.992000043,1.064,1.35200012,3.47200012,0.528,0.528,0.480000019,0.904000044,1.28000009,1.68000007,51,44,30,8,23,28,-13,1821.8623,0,2.34375,0,0,2.34375,0,0,0.78125,0.68359375,48,56,46,46,46,48,47,45,56,4606.346,4606.346,4606.346,4606.346,4606.346,4606.346,4606.346,4606.346,23.6032982,22.9667,0.0245881081,0.817829847,100.137962,18.73803,5.92361069,25.6891632,34,9.025955
10/09/2022 22:46:41,74.90196,47.45098,60,60,30.19608,30.19608,60,0.664000034,1.672,3.47200012,3.37600017,0.992000043,1.056,1.35200012,3.47200012,0.528,0.528,0.480000019,0.904000044,1.28000009,1.68000007,42.5,43,30,8,23,28,-13,1776.3158,0,1.5625,0.793647766,0,0,0,0,0,0.294518471,42,41,42,42,42,42,42,41,42,4706.48047,801.1031,801.1031,4606.343,4606.343,4606.343,4606.343,4606.343,9.144555,8.507809,0.0102203526,0.655312061,100.137886,18.9232941,5.98217773,25.6305962,34,9.025955
10/09/2022 22:46:46,75.68628,47.84314,60,60,30.19608,30.19608,60,1.144,1.672,3.47200012,3.37600017,0.992000043,1.064,1.35200012,3.456,0.528,0.528,0.480000019,0.904000044,1.28000009,1.672,50.5,42,30,8,23,28,-12,1672.86243,2.34375,9.2427845,3.90625,4.6875,0.7692337,0,0,0,2.61868834,45,43,44,60,43,44,43,43,60,4606.347,4606.347,4606.347,4606.347,4606.347,4606.347,4606.347,4606.347,26.5494843,25.9289551,0.008187364,0.8239299,100.137985,19.0229263,6.01367569,25.5990982,34,9.025955
10/09/2022 22:46:51,83.92157,57.64706,60,60,30.19608,30.19608,60,1.176,1.672,3.47200012,3.37600017,0.992000043,1.064,1.3440001,3.456,0.528,0.528,0.480000019,0.904000044,1.28000009,1.672,50.5,42,30,8,23,28,-13,1767.01575,0.78125,0.78125,0,0.78125,22.3076935,0,1.538825,0,3.273785,41,40,42,41,42,42,42,41,42,801.1027,801.1027,4606.341,4606.341,801.1027,801.1027,801.1027,801.1027,19.9083233,19.2667522,0.03141418,0.799316347,100.13784,19.1492462,6.053608,25.559166,34,9.025955
10/09/2022 22:46:56,74.90196,47.45098,60,60,30.19608,30.19608,60,0.984,1.672,3.47200012,3.37600017,0.992000043,1.064,1.3440001,3.456,0.528,0.528,0.480000019,0.904000044,1.28000009,1.672,47,41,30,8.5,22,28,-12,1715.37488,8.730162,10.9375,0.78125,4.76190472,8.55769,4.76190472,0,0,4.81630564,45,42,43,46,42,46,42,43,46,4606.347,4606.347,4606.347,4606.347,4606.347,4606.347,4606.347,4606.347,23.8590584,23.1978245,0.0649411157,0.872293949,100.137978,19.08516,6.033348,25.5794258,34,9.025955
10/09/2022 22:47:01,81.1764755,54.5098038,60,60,30.19608,30.19608,60,1.184,1.672,3.47200012,3.37600017,0.992000043,1.064,1.35200012,3.456,0.528,0.528,0.480000019,0.904000044,1.28000009,1.68000007,45.5,41,30,8,23,28,-13,1846.78528,0,0,10.8774071,9.375,0.78125,3.90625,0,0,3.11748981,40,39,41,39,40,40,40,39,41,4406.06543,3504.82471,2603.58423,1702.34351,801.1028,801.1028,801.1028,801.1028,18.3534527,17.6970863,0.00848222151,0.780120254,100.137848,19.10012,6.03807831,25.5746956,34,9.026855
10/09/2022 22:47:06,89.01961,61.9607849,60,60,30.19608,30.19608,60,1.072,1.672,3.47200012,3.37600017,0.992000043,1.064,1.35200012,3.47200012,0.528,0.528,0.480000019,0.904000044,1.28000009,1.68000007,55,41,30,8,23,28,-13,1901.40845,2.34375,1.61290169,2.34375,7.69230747,6.27480125,2.38095522,0.78125,2.34375,3.22167873,45,53,45,44,45,48,44,44,53,4606.344,4606.344,4606.344,4606.344,4606.344,4606.344,4606.344,4606.344,33.8246956,33.1934662,0.00749939168,0.9629097,100.137917,19.18103,6.063656,25.549118,34,9.026855
10/09/2022 22:47:11,74.90196,47.45098,60,60,30.19608,30.19608,60,0.656,1.672,3.47200012,3.37600017,0.992000043,1.064,1.3440001,3.456,0.528,0.528,0.480000019,0.904000044,1.28000009,1.68000007,43.5,41,30,8,23,28,-13,1776.3158,0.78125,1.53846145,0.78125,0,0,3.88221145,1.5625,0.78125,1.16586685,42,41,41,40,42,41,48,40,48,4606.34375,4606.34375,4606.34375,4606.34375,4606.34375,4606.34375,4606.34375,4606.34375,17.2482777,16.6124535,0.0109909093,0.7647841,100.137909,19.1470261,6.052906,25.5598679,34,9.026855
10/09/2022 22:47:16,80,52.9411774,60,60,30.19608,30.19608,60,0.656,1.672,3.47200012,3.37600017,0.992000043,1.064,1.35200012,3.47200012,0.528,0.528,0.480000019,0.904000044,1.28000009,1.68000007,46,40,30,8,23,28,-13,1672.86243,18.75,1.5625,0.78125,0,1.5625,1.5625,13.28125,0,4.6875,40,39,40,39,39,40,41,39,41,801.1033,4606.34375,4305.93,3705.10278,3705.10278,2803.86157,1602.20654,801.1033,23.6249275,22.98535,0.00720134471,0.900839448,100.137909,19.2247238,6.077469,25.535305,34,9.026855
10/09/2022 22:47:21,84.31373,57.64706,60,60,30.19608,30.19608,60,1.176,1.672,3.47200012,3.37600017,0.992000043,1.064,1.35200012,3.47200012,0.528,0.528,0.480000019,0.904000044,1.28000009,1.68000007,52,40,30,8,23,28,-12,1931.33044,18.7379837,0.78125,0.78125,0.793647766,1.58730149,0,9.375,0,4.00705338,40,40,40,40,40,40,41,39,41,801.1027,4706.47852,4606.34033,801.1027,801.1027,801.1027,801.1027,801.1027,23.8914433,23.26848,0.00676732976,0.855267465,100.13784,19.470871,6.155281,25.4574928,34,9.026855
10/09/2022 22:47:26,87.84314,61.9607849,60,60,30.19608,30.19608,60,1.192,1.672,3.47200012,3.37600017,0.992000043,1.064,1.3440001,3.47200012,0.528,0.528,0.480000019,0.904000044,1.28000009,1.68000007,57.5,39,30,8.5,23,28,-13,1979.47217,48.46154,4.6875,0,0,0,30.46875,0.78125,0,10.5498791,57,42,43,43,42,42,43,41,57,4606.344,4606.344,4606.344,4606.344,4606.344,4606.344,4606.344,4606.344,41.9220352,41.2774048,0.006220049,1.09088683,100.137917,19.3534088,6.118149,25.4946251,34,9.026855
10/09/2022 22:47:31,77.64706,50.9803925,60,60,30.19608,30.19608,60,1.192,1.672,3.456,3.37600017,0.992000043,1.064,1.3440001,3.456,0.528,0.528,0.480000019,0.904000044,1.28000009,1.68000007,51,39,30,8,23,28,-13,2083.33325,0,3.125,0,10.15625,4.699898,0,2.31971145,0.78125,2.6352644,44,42,43,58,53,44,44,41,58,4606.34473,4606.34473,4606.34473,4606.34473,4305.93066,3404.68945,2503.448,1602.20679,21.5377178,20.9119568,0.00577942235,0.7786403,100.137924,19.3392029,6.113659,25.499115,35,9.029892
10/09/2022 22:47:36,70.98039,43.1372566,60,60,30.19608,30.19608,60,0.664000034,1.672,3.47200012,3.37600017,0.992000043,1.064,1.35200012,3.47200012,0.528,0.528,0.480000019,0.904000044,1.28000009,1.672,40,39,30,8,23,28,-12,1638.34949,0,0,0,0.78125,0,0,0.78125,0.806450844,0.296115875,38,38,38,37,38,37,39,37,39,4606.344,4406.06836,4606.344,4606.344,3504.82715,4606.344,4606.344,4606.344,11.4028482,10.7955141,0.00561836967,0.6693799,100.137917,19.21099,6.07312775,25.5396461,35,9.029892
10/09/2022 22:47:41,69.8039246,41.9607849,60,60,30.19608,30.19608,60,0.728000045,1.672,3.456,3.37600017,0.992000043,1.064,1.3440001,3.456,0.528,0.528,0.480000019,0.904000044,1.28000009,1.68000007,38.5,39,30,8.5,23,28,-12,1546.39172,0,1.5625,0.793647766,0,0,0,1.5625,0.78125,0.5874872,37,36,37,36,37,37,38,37,38,801.102844,801.102844,4205.79,3304.54932,2403.30859,4606.34131,801.102844,801.102844,6.985678,6.34588575,0.00539832748,0.628692865,100.137856,19.1697159,6.06007767,25.5526962,35,9.029892
10/09/2022 22:47:46,69.8039246,41.9607849,60.7843132,60.7843132,30.19608,30.19608,60.7843132,0.664000034,1.672,3.47200012,3.37600017,0.992000043,1.064,1.35200012,3.456,0.528,0.528,0.480000019,0.904000044,1.28000009,1.68000007,38.5,38,30,8,23,28,-13,1542.85718,0.78125,1.5625,0.78125,0,0,0,0.78125,0,0.48828125,36,35,36,36,36,36,38,36,38,801.1034,4806.62061,4706.48242,4806.62061,3905.37915,3004.1377,2102.89648,901.241333,8.779495,8.135535,0.008542205,0.6570786,100.137924,19.24514,6.08392334,25.52885,35,9.029892
10/09/2022 22:47:51,68.62745,40.7843132,60.7843132,60.7843132,30.19608,30.19608,60.7843132,0.664000034,1.672,3.47200012,3.37600017,0.992000043,1.064,1.35200012,3.456,0.528,0.528,0.480000019,0.904000044,1.28000009,1.68000007,38.5,38,30,8,23,28,-12,1525.42371,0.78125,0,1.58730149,2.35652924,0,0,3.174603,0.793647766,1.0866642,36,36,37,36,36,36,37,36,37,4706.485,801.1038,801.1038,801.1038,801.1038,801.1038,801.1038,801.1038,8.459317,7.821595,0.00571313966,0.651789367,100.137978,19.534111,6.175274,25.4375,35,9.029892
10/09/2022 22:47:56,71.76471,44.3137245,60.7843132,60.7843132,30.19608,30.19608,60.7843132,0.664000034,1.672,3.47200012,3.37600017,0.992000043,1.064,1.3440001,3.456,0.528,0.528,0.480000019,0.904000044,1.28000009,1.672,38.5,37,30,8,23,28,-13,1527.14929,0,3.076923,0,1.53846145,0,2.30768919,3.87018919,2.34375,1.64213181,36,35,36,35,36,36,36,35,37,1201.65417,2803.85986,4005.51416,4005.51416,3705.10059,2803.85986,1902.61926,1001.37854,15.13261,14.4724207,0.0228778534,0.7409277,100.137856,19.4651642,6.15348053,25.4592934,35,9.029892
10/09/2022 22:48:01,67.84314,39.6078453,60.7843132,60.7843132,30.19608,30.19608,60.7843132,0.664000034,1.672,3.47200012,3.37600017,0.992000043,1.064,1.35200012,3.47200012,0.528,0.528,0.480000019,0.904000044,1.28000009,1.68000007,36.5,37,30,8,23,28,-13,1486.78418,0,0.78125,0.78125,0,0,0,3.90625,0.78125,0.78125,35,34,35,34,35,35,37,35,36,801.10376,801.10376,4606.34668,4606.34668,3805.243,2904.00122,2002.7594,801.10376,6.891084,6.224405,0.00607674,0.627909541,100.13797,19.5062256,6.166458,25.4463158,35,9.024292
10/09/2022 22:48:06,67.84314,39.6078453,60.7843132,60.7843132,30.19608,30.19608,60.7843132,0.664000034,1.672,3.47200012,3.37600017,0.992000043,1.064,1.35200012,3.47200012,0.528,0.528,0.480000019,0.904000044,1.28000009,1.672,37,37,30,8,23,28,-12,1478.64185,0.78125,1.5625,0,0,0,0,3.08893919,0,0.679087639,36,34,36,35,35,35,39,35,39,4806.62354,4606.34766,3905.38184,3004.14,2102.898,1201.65588,801.103943,4706.486,9.528063,8.88602352,0.0105500873,0.6602293,100.137993,19.5133667,6.16871643,25.4440575,35,9.024292
10/09/2022 22:48:11,67.84314,39.6078453,60.7843132,60.7843132,30.19608,30.19608,60.7843132,0.664000034,1.672,3.47200012,3.37600017,0.992000043,1.064,1.35200012,3.47200012,0.528,0.528,0.480000019,0.904000044,1.28000009,1.68000007,36.5,36,30,8,23,28,-12,1584.50708,2.30768919,2.30768919,0.7692337,0,0,0,3.8461566,0,1.15385056,35,34,35,34,35,35,37,34,37,1401.93054,1101.51685,801.103149,4606.34326,4406.06738,3805.24,2903.99878,2603.58521,9.895821,9.24988651,0.0171254426,0.674217343,100.137894,19.3472748,6.116211,25.496563,35,9.024292
10/09/2022 22:48:16,69.8039246,41.9607849,60.7843132,60.7843132,30.19608,30.19608,60.7843132,0.808,1.672,3.47200012,3.37600017,0.992000043,1.064,1.35200012,3.47200012,0.528,0.528,0.480000019,0.904000044,1.28000009,1.68000007,38,36,30,8,23,28,-13,1573.42651,0,2.34375,0,0.78125,0,0,3.90625,0,0.87890625,36,34,35,34,35,35,37,34,37,801.1028,801.1028,4606.34131,3805.23828,3204.41113,2303.17065,1401.92993,1401.92993,11.2432146,10.613698,0.005985611,0.6815737,100.137848,19.459549,6.151703,25.461071,35,9.024292
10/09/2022 22:48:21,70.98039,43.1372566,60.7843132,60.7843132,30.19608,30.19608,60.7843132,1.11200011,1.672,3.47200012,3.37600017,0.992000043,1.064,1.35200012,3.47200012,0.528,0.528,0.480000019,0.904000044,1.28000009,1.68000007,39.5,36,30,8,23,28,-13,1555.29956,0,0.7692337,1.53846145,0,0,0,6.153846,0,1.05769634,36,35,37,35,36,37,39,36,39,4606.34375,4606.34375,4606.34375,4005.51636,4606.34375,4606.34375,4606.34375,4606.34375,17.4081459,16.7266083,0.0553416125,0.7738138,100.137909,19.5881958,6.19237137,25.4204025,35,9.024292
10/09/2022 22:48:26,70.19608,43.52941,60.7843132,60.7843132,30.19608,30.19608,60.7843132,0.664000034,1.672,3.47200012,3.37600017,0.992000043,1.064,1.3440001,3.456,0.528,0.528,0.480000019,0.904000044,1.28000009,1.68000007,38,36,30,8,23,28,-13,1757.8125,0,0,0.78125,0.757575035,0,0,3.03030014,0.7692337,0.66729784,35,35,36,35,36,36,37,35,37,3404.68921,3404.68921,3404.68921,3404.68921,3404.68921,3404.68921,3404.68921,3404.68921,10.9052038,10.28253,0.004966076,0.687831461,100.137917,19.6510468,6.212242,25.4005318,35,9.024292
10/09/2022 22:48:31,68.62745,40.7843132,60.7843132,60.7843132,30.19608,30.19608,60.7843132,1.176,1.672,3.47200012,3.37600017,0.992000043,1.064,1.35200012,3.47200012,0.528,0.528,0.480000019,0.904000044,1.28000009,1.68000007,38,36,30,8,23,28,-13,1516.85388,1.53846145,0,0,0,0.7692337,0.78125,3.125,0,0.7767439,36,35,36,35,35,36,36,35,36,801.1027,801.1027,801.1027,801.1027,1201.654,2403.308,3604.96216,4005.51367,12.90728,12.2352448,0.03949931,0.7213789,100.13784,19.7367859,6.23934555,25.3734283,35,9.02432251
10/09/2022 22:48:36,67.84314,39.6078453,60.7843132,60.7843132,30.19608,30.19608,60.7843132,0.664000034,1.672,3.47200012,3.37600017,0.992000043,1.064,1.3440001,3.47200012,0.528,0.528,0.480000019,0.904000044,1.28000009,1.68000007,37,35,30,8,23,28,-13,1539.33862,0.78125,2.272725,0.78125,0,0.7692337,0,0,0.78125,0.6732106,35,34,35,35,34,35,36,35,36,801.1033,2002.7583,2803.86157,4606.34375,4606.34375,3705.10278,2803.86157,1902.62036,10.8101311,10.1735544,0.006473459,0.6899981,100.137909,19.8476334,6.27438736,25.3383865,35,9.02432251
10/09/2022 22:48:41,75.68628,48.2352943,60.7843132,60.7843132,30.19608,30.19608,60.7843132,0.712,1.672,3.47200012,3.37600017,0.992000043,1.064,1.35200012,3.47200012,0.528,0.528,0.480000019,0.904000044,1.28000009,1.68000007,40.5,35,30,8,23,28,-13,1500,1.53846145,29.2307682,0,0,7.4853,2.30768919,6.153846,3.076923,6.22413158,35,35,36,35,35,36,36,35,36,2002.75757,2002.75757,4706.48047,3805.2395,2903.99854,2002.75757,1101.51672,801.103,23.5619011,22.8775311,0.0281504188,0.881361842,100.137878,19.8554916,6.27687073,25.3359032,35,9.02432251
10/09/2022 22:48:46,70.98039,43.52941,60.7843132,60.7843132,30.19608,30.19608,60.7843132,0.84800005,1.672,3.47200012,3.37600017,0.992000043,1.064,1.3440001,3.47200012,0.528,0.528,0.480000019,0.904000044,1.28000009,1.68000007,38,35,30,8,23,28,-13,1470.58826,0,0.7692337,1.53846145,0.7692337,0,1.5504837,12.3076916,0.757575035,2.21158266,35,34,35,35,35,35,36,35,36,801.1033,801.1033,801.1033,801.1033,4406.06836,3504.827,2603.58569,1702.34448,15.4002628,14.7413063,0.025353672,0.779565632,100.137909,19.9072113,6.29322052,25.3195534,35,9.02432251
10/09/2022 22:48:51,76.86275,49.80392,60.7843132,60.7843132,30.19608,30.19608,60.7843132,1.2,1.672,3.47200012,3.37600017,0.992000043,1.064,1.35200012,3.456,0.528,0.528,0.480000019,0.904000044,1.28000009,1.68000007,47.5,35,30,8,23,28,-12,1748.70471,3.8461566,17.6923027,2.30768919,2.30768919,1.53846145,10.0000019,1.52680874,15.9090881,6.891024,40,49,39,39,39,50,39,38,50,4606.344,4606.344,4606.344,4606.344,4606.344,4606.344,4606.344,4606.344,36.43614,35.789444,0.0357751325,1.00730848,100.137917,20.0215073,6.32935333,25.28342,35,9.02432251
10/09/2022 22:48:56,73.3333359,45.8823547,60.7843132,60.7843132,30.19608,30.19608,60.7843132,1.2,1.672,3.47200012,3.37600017,0.992000043,1.064,1.3440001,3.456,0.528,0.528,0.480000019,0.904000044,1.28000009,1.672,47.5,35,30,8.5,23,28,-12,1717.55725,0.78125,13.28125,2.34375,0.78125,2.34375,0.78125,11.9047642,10.3174572,5.3168416,40,48,39,39,39,40,50,51,51,4606.346,4606.346,4606.346,4606.346,4606.346,4606.346,4606.346,4606.346,32.590786,31.8662453,0.0276153572,1.1045537,100.137955,20.1136627,6.358486,25.2542877,35,9.02432251
10/09/2022 22:49:01,85.8823547,59.6078453,60.7843132,60.7843132,30.19608,30.19608,60.7843132,1.184,1.672,3.47200012,3.37600017,0.992000043,1.064,1.3440001,3.47200012,0.528,0.528,0.480000019,0.904000044,1.28000009,1.68000007,53,35,30,8.5,23,28,-12,2027.027,1.53846145,0.7692337,1.53846145,0,0.7692337,34.615387,39.0625,0,9.78665352,40,39,41,41,40,52,41,41,52,4706.48145,4606.34375,4606.34375,4606.34375,4606.34375,4606.34375,4606.34375,4606.34375,40.6689262,40.02595,0.0500501953,1.06870461,100.137909,20.0942535,6.352352,25.2604218,35,9.023773
10/09/2022 22:49:06,83.92157,57.2549,60.7843132,60.7843132,30.19608,30.19608,60.7843132,1.2240001,1.672,3.47200012,3.37600017,0.992000043,1.064,1.3440001,3.456,0.528,0.528,0.480000019,0.904000044,1.28000009,1.672,54.5,36,30,8.5,22,28,-12,1928.57141,6.153846,21.53846,15.3846149,13.0769253,3.8461566,1.53846145,30.0000019,10.76923,12.7884684,53,54,51,51,46,45,45,43,54,4606.344,4606.344,4606.344,4606.344,4606.344,4606.344,4606.344,4606.344,61.73844,60.9196472,0.06822782,1.38782275,100.137917,20.2598419,6.40469742,25.2080765,35,9.023773
10/09/2022 22:49:11,77.64706,50.9803925,60.7843132,60.7843132,30.19608,30.19608,60.7843132,1.192,1.672,3.47200012,3.37600017,0.992000043,1.064,1.3440001,3.456,0.528,0.528,0.480000019,0.904000044,1.28000009,1.68000007,48.5,36,30,8.5,23,28,-12,1896.06738,4.6875,8.59375,0.7692337,6.336808,0.78125,16.6666622,0,1.5625,4.92470837,43,41,42,42,41,52,42,41,52,4606.344,4606.344,4606.344,4606.344,4606.344,4606.344,4606.344,4606.344,26.4963684,25.5929775,0.2155639,1.0140897,100.137917,20.4274979,6.457699,25.1550751,35,9.023773
10/09/2022 22:49:16,74.90196,47.84314,60.7843132,60.7843132,30.19608,30.19608,60.7843132,0.864,1.672,3.47200012,3.37600017,0.992000043,1.064,1.3440001,3.456,0.528,0.528,0.480000019,0.904000044,1.28000009,1.68000007,40.5,36,30,8,23,28,-13,1660.5166,0,0.7692337,0,3.06526423,4.6875,8.4615345,3.8461566,1.53846145,2.796024,39,37,39,38,38,39,40,39,40,4706.482,801.103333,801.103333,801.103333,801.103333,4706.482,4606.344,4606.344,16.9603386,16.2820816,0.0397326164,0.7919081,100.137917,20.5317535,6.490658,25.1221161,35,9.023773
10/09/2022 22:49:21,75.29412,47.45098,60.7843132,60.7843132,30.19608,30.19608,60.7843132,1.176,1.672,3.456,3.37600017,0.992000043,1.064,1.3440001,3.456,0.528,0.528,0.480000019,0.904000044,1.28000009,1.672,49.5,36,30,8.5,23,28,-12,1668.72681,0.7692337,7.575756,2.30768919,2.30768919,0,0,19.9999981,8.59375,5.19426441,41,43,47,41,40,41,41,50,50,4606.344,4606.344,4606.344,4606.344,4606.344,4305.93066,4606.344,801.103333,32.2953377,31.6367,0.00598440366,0.9972624,100.137917,21.0058289,6.640526,24.9722481,35,9.023773
10/09/2022 22:49:26,78.43137,51.37255,60.7843132,60.7843132,30.19608,30.19608,60.7843132,1.184,1.672,3.47200012,3.37600017,0.992000043,1.064,1.3440001,3.456,0.528,0.528,0.480000019,0.904000044,1.28000009,1.68000007,47.5,36,30,8,23,28,-12,1658.47668,2.34375,1.5625,3.125,10.9375,0.78125,0,9.375,0,3.515625,39,38,39,38,38,39,39,38,39,801.1027,801.1027,801.1027,801.1027,801.1027,801.1027,801.1027,801.1027,19.259119,18.5793056,0.03039794,0.821650863,100.13784,21.8008881,6.891865,24.72091,35,9.023773
10/09/2022 22:49:32,76.47059,49.0196075,60.7843132,60.7843132,30.19608,30.19608,60.7843132,1.11200011,1.672,3.456,3.37600017,0.992000043,1.064,1.35200012,3.47200012,0.528,0.528,0.480000019,0.904000044,1.28000009,1.68000007,48.5,36,30,8.5,23,28,-13,1658.47668,1.53846145,7.69230747,3.125,4.615384,0,29.2307682,6.153846,0,6.544471,43,40,54,40,40,40,40,39,54,4606.344,4606.344,4606.344,4606.344,4606.344,4606.344,4606.344,4606.344,36.7224274,36.03388,0.0356571637,1.12184775,100.137917,22.1297379,6.995823,24.616951,35,9.023857
10/09/2022 22:49:37,70.98039,43.1372566,60.7843132,60.7843132,30.19608,30.19608,60.7843132,0.92,1.672,3.47200012,3.37600017,0.992000043,1.064,1.35200012,3.456,0.528,0.528,0.480000019,0.904000044,1.28000009,1.68000007,39,36,30,8,23,28,-13,1612.9032,3.90625,1.5625,2.34375,0.78125,0,0.78125,1.5625,1.5625,1.5625,38,37,38,36,38,37,38,38,38,4606.34375,4606.34375,4606.34375,4606.34375,4606.34375,3705.10254,2803.86133,801.1033,13.666667,12.9734049,0.04579291,0.7607082,100.137909,22.45543,7.0987854,24.5139885,35,9.023857
10/09/2022 22:49:42,71.76471,44.3137245,60.7843132,60.7843132,30.19608,30.19608,60.7843132,0.872000039,1.672,3.456,3.37600017,0.992000043,1.064,1.3440001,3.47200012,0.528,0.528,0.480000019,0.904000044,1.28000009,1.672,41,36,30,8,23,28,-12,1654.41174,1.53846145,6.35080338,0.78125,3.13739777,2.34375,3.91864777,1.57489777,4.6875,3.04158926,39,38,39,38,38,38,39,37,39,4005.517,4606.34473,4606.34473,4606.34473,4606.34473,4606.34473,4606.34473,801.103455,23.0120983,22.27893,0.0507868044,0.915890336,100.137932,22.286438,7.04536057,24.5674133,35,9.023857
                                                                                                                                                                                                                                                                                                                                                                                                                                                                                                                                                                                                                                                                                                                                                                                                                                                                                                                                                                                                                                                                                         10/09/2022 23:22:07,80,53.3333359,60,60,30.19608,30.19608,60,1.20800006,1.672,3.47200012,3.37600017,0.992000043,1.064,1.3440001,3.456,0.528,0.528,0.480000019,0.904000044,1.28000009,1.672,51,34,30,8,23,28,-12,1844.26233,0,50,50,3.125,0,0.78125,0,23.8095226,15.9644718,43,50,51,40,40,40,40,39,51,4606.33838,4606.33838,4606.33838,4606.33838,4606.33838,4606.33838,4606.33838,4606.33838,43.6398277,43.01306,0.0244750269,0.97906214,100.137787,15.0584412,4.760391,26.8523827,34,9.025597
10/09/2022 23:22:20,68.62745,40.7843132,60,60,30.19608,30.19608,60,1.21600008,1.672,3.47200012,3.37600017,0.992000043,1.064,1.35200012,3.456,0.528,0.528,0.480000019,0.904000044,1.28000009,1.68000007,38,35,30,8,23,28,-13,1539.33862,0.8536577,14.8611183,18.63715,7.68293142,2.987802,4.6946764,3.35358381,0.7317841,6.725335,44,38,41,36,40,38,38,41,44,1201.65344,1201.65344,1201.65344,801.1023,801.1023,801.1023,4606.33838,4606.33838,26.934576,26.2959747,0.01836369,0.872658968,100.137787,15.4745026,4.891918,26.7208557,34,9.025597
10/09/2022 23:22:25,68.62745,41.17647,60,60,30.19608,30.19608,60,0.69600004,1.672,3.456,3.37600017,0.992000043,1.064,1.35200012,3.456,0.528,0.528,0.480000019,0.904000044,1.28000009,1.672,37,34,30,8.5,23,28,-12,1520.27026,0,1.53846145,0.78125,0,0,0,0,0.78125,0.387620926,36,36,37,35,36,35,36,35,37,801.1021,801.1021,801.1021,2002.75537,2803.85742,4606.3374,4406.062,3504.82178,7.880897,7.230975,0.0205663666,0.671895862,100.137764,15.5228806,4.9072113,26.7055626,34,9.025597
10/09/2022 23:22:35,80.78432,54.11765,60,60,30.19608,30.19608,60,1.184,1.672,3.47200012,3.37600017,0.992000043,1.064,1.3440001,3.456,0.528,0.528,0.480000019,0.904000044,1.28000009,1.672,51,34,30,8.5,23,28,-12,1612.9032,0,16.2500019,50,0,32.9268265,43.0448723,3.75000238,1.24999881,18.4027081,41,39,52,41,52,48,58,40,58,4606.338,4606.338,4606.338,4606.338,4606.338,4606.338,4606.338,4606.338,44.6782875,44.04978,0.03983992,0.9750071,100.137787,15.7271118,4.971775,26.6409988,34,9.025597
10/09/2022 23:22:39,83.13725,56.47059,60,60,30.19608,30.19608,60,1.20800006,1.672,3.456,3.36000013,0.992000043,1.064,1.3440001,3.456,0.528,0.528,0.480000019,0.904000044,1.28000009,1.672,58,35,30,8.5,22,28,-12,1970.803,45.7331734,45.38461,45.3125,46.875,50.44471,45.3125,47.65625,46.875,46.69922,60,58,61,60,61,61,59,58,61,4606.337,4606.337,4606.337,4606.337,4606.337,4606.337,4606.337,4606.337,83.52953,82.93425,0.04383825,1.0160054,100.137764,15.2730026,4.82822037,26.7845535,34,9.025597
10/09/2022 23:22:44,84.31373,58.4313736,60,60,30.19608,30.19608,60,1.21600008,1.672,3.456,3.37600017,0.992000043,1.064,1.3440001,3.456,0.528,0.528,0.480000019,0.904000044,1.28000009,1.672,60,36,30,8.5,23,28,-12,2014.92542,40.7907181,41.875,40.625,40.1537666,48.8942261,40.625,40.0094681,39.2282181,41.5251732,58,58,61,60,64,61,59,59,64,4606.338,4606.338,4606.338,4606.338,4606.338,4606.338,4606.338,4606.338,80.92926,80.09812,0.1636054,1.0832932,100.137779,15.5162277,4.90510941,26.7076645,34,9.025597
10/09/2022 23:22:51,84.70589,58.4313736,60,60,30.19608,30.19608,60,1.24,1.672,3.47200012,3.37600017,0.992000043,1.064,1.3440001,3.456,0.528,0.528,0.480000019,0.904000044,1.28000009,1.672,57.5,37,30,8,22,28,-12,2139.46118,36.7155075,40.97222,38.0952377,38.0952377,37.79762,37.79762,40.91022,39.09646,38.6850128,60,59,64,62,63,64,62,56,67,4606.338,4606.338,4606.338,4606.338,4606.338,4606.338,4606.338,4606.338,80.28872,79.58497,0.08636132,1.089374,100.137787,16.2212372,5.127983,26.48479,34,9.026894
10/09/2022 23:22:56,89.01961,64.31373,60,60,30.19608,30.19608,60,1.21600008,1.672,3.47200012,3.37600017,0.992000043,1.064,1.35200012,3.456,0.528,0.528,0.480000019,0.904000044,1.28000009,1.68000007,47.5,39,30,8,23,28,-12,2160,5.555558,7.06959963,6.995189,6.287205,4.724705,4.724705,7.936507,7.86324739,6.39458275,58,58,61,59,60,60,59,58,61,4606.338,4606.338,4606.338,4606.338,4606.338,4606.338,4606.338,4606.338,29.12063,28.49714,0.00582469627,0.742338955,100.137779,16.08043,5.08346939,26.5293045,34,9.026894
10/09/2022 23:23:01,88.62745,63.1372566,60,60,30.19608,30.19608,60,0.72,1.672,3.47200012,3.37600017,0.992000043,1.064,1.35200012,3.456,0.528,0.528,0.480000019,0.904000044,1.28000009,1.68000007,47,39,30,8,23,28,-12,2188.00659,0,0,0,0,0,0,1.57489777,0,0.196862221,48,44,46,44,46,44,49,45,49,4606.33838,4606.33838,4606.33838,4606.33838,4606.33838,4606.33838,4606.33838,4606.33838,16.4628582,15.83152,0.00585871143,0.656785965,100.137794,16.1183319,5.09545135,26.5173225,34,9.026894
10/09/2022 23:23:06,91.76471,67.84314,60,60,30.19608,30.19608,60,0.648,1.672,3.47200012,3.37600017,0.992000043,1.064,1.35200012,3.456,0.528,0.528,0.480000019,0.904000044,1.28000009,1.672,49.5,40,30,8,23,28,-12,2198.697,3.14980149,3.94345522,3.14980149,3.90625,3.125,7.118058,3.14980149,4.713064,4.03189659,59,58,61,60,61,61,61,59,61,4606.338,4606.338,4606.338,4606.338,4606.338,4606.338,4606.338,4606.338,27.1893654,26.5809689,0.005493159,0.739318132,100.137779,16.14843,5.104965,26.5078087,34,9.026894
10/09/2022 23:23:11,94.1176453,71.37255,60,60,30.19608,30.19608,60,0.824000061,1.672,3.456,3.37600017,0.992000043,1.064,1.35200012,3.456,0.528,0.528,0.480000019,0.904000044,1.28000009,1.68000007,51.5,41,30,8,23,28,-12,2227.72266,3.93105149,6.32440472,3.174603,5.49355125,3.14980149,20.3125,3.96825075,3.94345522,6.287199,54,59,57,57,56,56,55,56,60,4606.33838,4606.33838,4606.33838,4606.33838,4606.33838,4606.33838,4606.33838,4606.33838,36.89867,36.2451172,0.0898603648,0.9630845,100.137787,16.5718765,5.23883057,26.3739433,34,9.026894
10/09/2022 23:23:16,94.1176453,78.82353,60,60,30.19608,30.19608,60,1.192,1.672,3.456,3.37600017,0.992000043,1.064,1.3440001,3.456,0.528,0.528,0.480000019,0.904000044,1.28000009,1.68000007,60.5,41,30,8,23,28,-12,2500,6.349206,24.6031761,6.349206,12.5,6.349206,11.1111107,16.6666622,6.349206,11.2847147,62,62,65,63,64,64,63,63,65,4606.33838,4606.33838,4606.33838,4606.33838,4606.33838,4606.33838,4606.33838,4606.33838,46.5366936,45.8916168,0.0267741084,1.05681491,100.137794,16.32988,5.162327,26.4504471,34,9.026894
10/09/2022 23:23:21,92.94118,80,60,60,30.19608,30.19608,60,0.736000061,1.672,3.47200012,3.37600017,0.992000043,1.064,1.35200012,3.47200012,0.528,0.528,0.480000019,0.904000044,1.28000009,1.68000007,55.5,42,30,8.5,23,28,-12,2551.98486,3.174603,3.90625,9.375,6.31200075,3.125,3.14980149,3.88221145,4.713064,4.70473766,63,62,64,63,65,64,64,62,65,4606.338,4606.338,4606.338,4606.338,4606.338,4606.338,4606.338,4606.338,33.33385,32.6026077,0.0819138,0.9633722,100.137779,16.428215,5.193413,26.4193611,34,9.026649
10/09/2022 23:23:26,91.37255,78.0392151,60,60,30.19608,30.19608,60,1.184,1.672,3.47200012,3.37600017,0.992000043,1.064,1.3440001,3.47200012,0.528,0.528,0.480000019,0.904000044,1.28000009,1.672,61.5,42,30,8,23,28,-12,2576.336,17.1153851,12.3076916,10.0000019,13.9302845,9.230768,28.46154,10.76923,12.3076916,14.2653284,62,54,55,52,52,52,62,53,62,4606.33936,4606.33936,4606.33936,4606.33936,4606.33936,4606.33936,4606.33936,4606.33936,44.656662,43.9620819,0.0509643368,1.061462,100.13781,16.54596,5.2306366,26.3821373,34,9.026649
10/09/2022 23:23:31,89.8039246,65.09804,60,60,30.19608,30.19608,60,0.648,1.672,3.456,3.37600017,0.992000043,1.064,1.3440001,3.456,0.528,0.528,0.480000019,0.904000044,1.28000009,1.672,51.5,43,30,8,23,28,-13,2202.284,6.201923,11.5865345,7.8125,7.04517365,6.9711566,6.201923,13.89423,10.0480795,8.720189,49,49,53,48,49,48,50,48,53,4606.339,4606.339,4005.51221,4606.339,4606.339,4606.339,4606.339,4606.339,26.4728165,25.7392044,0.08184654,0.9403149,100.13781,16.683342,5.274067,26.338707,34,9.026649
10/09/2022 23:23:36,92.54902,67.45098,60,60,30.19608,30.19608,60,0.880000055,1.672,3.47200012,3.37600017,0.992000043,1.064,1.3440001,3.456,0.528,0.528,0.480000019,0.904000044,1.28000009,1.68000007,58.5,43,30,8.5,22,28,-12,2220.39478,4.58042049,38.636364,4.615384,7.64569044,4.615384,4.58042049,4.615384,5.349648,9.329849,50,48,49,49,49,50,49,48,50,801.10144,801.10144,801.10144,4606.333,4606.333,4606.333,4606.333,4606.333,35.0256844,34.2698364,0.08392972,1.04888093,100.13768,16.800972,5.31125259,26.3015213,34,9.026649
10/09/2022 23:23:41,89.01961,65.09804,60,60,30.19608,30.19608,60,0.648,1.672,3.47200012,3.37600017,0.992000043,1.064,1.35200012,3.456,0.528,0.528,0.480000019,0.904000044,1.28000009,1.68000007,50,43,30,8,23,28,-12,2191.55835,0,0,0,0,0,1.5625,0,1.5625,0.390625,56,51,51,47,48,50,50,48,55,4606.33838,4606.33838,4606.33838,4606.33838,4606.33838,4606.33838,4606.33838,4606.33838,19.0511818,18.3989754,0.0232005659,0.720575035,100.137787,16.88639,5.338257,26.2745171,34,9.026649
10/09/2022 23:23:46,91.76471,67.05882,60,60,30.19608,30.19608,60,1.20800006,1.672,3.47200012,3.37600017,0.992000043,1.056,1.35200012,3.47200012,0.528,0.528,0.480000019,0.904000044,1.28000009,1.672,59,43,30,8.5,23,28,-12,2242.525,0,1.5625,0,0,0,21.875,0,2.34375,3.22265625,52,51,51,51,50,62,53,51,62,4606.33838,4606.33838,4606.33838,4606.33838,4606.33838,4606.33838,4606.33838,4606.33838,30.42515,29.82751,0.0349774659,0.880112,100.137787,16.90306,5.343525,26.269249,34,9.026649
10/09/2022 23:23:51,94.90196,69.8039246,60,60,30.19608,30.19608,60,1.192,1.672,3.47200012,3.37600017,0.992000043,1.064,1.3440001,3.456,0.528,0.528,0.480000019,0.904000044,1.28000009,1.672,63,43,30,8.5,23,28,-13,2450.09082,2.34375,1.57489777,1.56288147,1.57489777,3.90625,47.6190453,2.35614777,2.36895084,7.913351,52,50,51,52,51,63,50,51,63,4606.33936,4606.33936,4606.33936,4606.33936,4606.33936,4606.33936,4606.33936,4606.33936,44.2396278,43.4930649,0.131235659,1.17769635,100.13781,17.118309,5.4115715,26.2012024,34,9.026543
10/09/2022 23:23:56,88.62745,67.84314,60,60,30.19608,30.19608,60,0.864,1.672,3.47200012,3.37600017,0.992000043,1.064,1.3440001,3.456,0.528,0.528,0.480000019,0.904000044,1.28000009,1.672,51.5,44,30,8,23,28,-12,2261.30664,5.46875,8.59375,7.03125,5.46875,6.25,6.25,8.59375,4.724705,6.547618,49,48,48,48,48,49,48,48,50,4706.47559,801.102234,801.102234,1602.20447,1602.20447,4606.338,4606.338,4606.338,15.8922491,15.1508942,0.08743001,0.850200355,100.137779,17.1621017,5.425415,26.1873589,34,9.026543
10/09/2022 23:24:01,90.98039,68.62745,60,60,30.19608,30.19608,60,0.91200006,1.672,3.47200012,3.37600017,0.992000043,1.064,1.35200012,3.47200012,0.528,0.528,0.480000019,0.904000044,1.28000009,1.68000007,50.5,44,30,8,23,28,-12,2284.264,4.68864441,5.384612,4.68864441,4.651439,4.615384,4.68864441,6.287205,4.651439,4.95700264,49,48,50,48,49,48,49,48,50,2503.44482,1602.20471,801.102356,801.102356,801.102356,4606.33838,4606.33838,4606.33838,12.4703951,11.8819475,0.021904787,0.7122707,100.137794,17.1966324,5.4363327,26.1764412,34,9.026543
10/09/2022 23:24:06,93.7254944,73.7254944,60,60,30.19608,30.19608,60,1.184,1.672,3.47200012,3.37600017,0.992000043,1.064,1.35200012,3.456,0.528,0.528,0.480000019,0.904000044,1.28000009,1.672,59,44,30,8.5,23,28,-12,2235.09937,5.384612,21.53846,11.6105795,6.1899066,5.384612,4.615384,6.92307949,5.457878,8.388066,58,57,55,53,58,53,54,51,58,4606.339,4606.339,4606.339,4606.339,4606.339,4606.339,4606.339,4606.339,45.5881958,44.8886566,0.08560846,1.14834881,100.1378,17.5048828,5.533779,26.0789948,34,9.026543
10/09/2022 23:24:11,88.62745,64.31373,60,60,30.19608,30.19608,60,1.0480001,1.672,3.456,3.37600017,0.992000043,1.064,1.35200012,3.456,0.528,0.528,0.480000019,0.904000044,1.28000009,1.672,53.5,44,30,8,23,28,-12,2191.55835,8.4615345,11.5384579,11.5384579,10.0000019,9.230768,10.0000019,11.5384579,11.5384579,10.48078,59,51,51,49,50,49,50,57,59,4606.339,4606.339,4606.339,4606.339,4606.339,4606.339,4606.339,4606.339,31.2387924,30.5162373,0.08874843,0.9335858,100.1378,17.7334671,5.606041,26.0067329,34,9.026543
10/09/2022 23:24:16,92.15687,66.6666641,60,60,30.19608,30.19608,60,1.21600008,1.672,3.47200012,3.37600017,0.992000043,1.064,1.3440001,3.47200012,0.528,0.528,0.480000019,0.904000044,1.28000009,1.672,63.5,44,30,8.5,23,28,-13,2163.46143,6.299603,20.2524071,7.764423,15.625,7.8125,6.201923,6.25,8.521634,9.840941,54,67,53,53,52,52,52,50,67,4606.33838,4606.33838,4606.33838,4606.33838,4606.33838,4606.33838,4606.33838,4606.33838,37.50608,36.7620354,0.0787699446,1.07142651,100.137787,17.8385773,5.639267,25.9735069,34,9.026543
10/09/2022 23:24:21,89.8039246,67.84314,60,60,30.19608,30.19608,60,0.648,1.672,3.47200012,3.37600017,0.992000043,1.064,1.35200012,3.47200012,0.528,0.528,0.480000019,0.904000044,1.28000009,1.68000007,51.5,45,30,8,23,28,-13,2242.525,3.91864777,1.5625,1.57489777,3.125,1.5625,1.5625,1.5625,3.13739777,2.250743,49,48,49,48,48,48,48,48,49,801.1022,4606.3374,4606.3374,4606.3374,4606.3374,4606.3374,4606.3374,4606.3374,16.5586777,15.99857,0.02436309,0.7106713,100.137772,18.0335617,5.70090866,25.9118652,34,9.026688
10/09/2022 23:24:26,89.8039246,69.4117661,60,60,30.19608,30.19608,60,1.064,1.672,3.47200012,3.37600017,0.992000043,1.064,1.3440001,3.456,0.528,0.528,0.480000019,0.904000044,1.28000009,1.68000007,53.5,45,30,8.5,23,28,-12,2299.82959,3.076923,4.6274066,1.53846145,0,0.78125,0.7692337,0,1.5625,1.54447556,49,48,49,49,48,49,49,47,49,801.1024,4606.339,4606.339,4606.339,4606.339,4606.339,4606.339,4606.339,23.4614048,22.8055477,0.0206016954,0.8129514,100.1378,18.3226852,5.792309,25.8204651,34,9.026688
10/09/2022 23:24:31,89.01961,69.01961,60,60,30.19608,30.19608,60,0.712,1.672,3.47200012,3.37600017,0.992000043,1.064,1.35200012,3.456,0.528,0.528,0.480000019,0.904000044,1.28000009,1.68000007,53,45,30,8,23,28,-13,2335.64014,10.2306547,12.3798075,9.377289,9.375,11.71875,13.1490345,9.302884,9.449405,10.6228533,49,49,50,49,49,49,50,48,50,1001.378,4606.339,4606.339,4606.339,4606.339,4606.339,4606.339,4606.339,20.5326729,19.8162365,0.06885177,0.848581254,100.1378,18.3088531,5.787937,25.8248367,34,9.026688
10/09/2022 23:24:36,89.8039246,68.62745,60,60,30.19608,30.19608,60,1.0480001,1.672,3.47200012,3.37600017,0.992000043,1.064,1.3440001,3.456,0.528,0.528,0.480000019,0.904000044,1.28000009,1.68000007,53,45,30,8.5,23,28,-13,2242.525,7.080853,8.59375,5.46875,4.6875,4.6875,7.03125,5.46875,6.25,6.15854263,58,50,51,53,53,54,52,51,58,4606.338,4606.338,4606.338,4606.338,4606.338,4606.338,4606.338,4606.338,26.7153263,26.0456257,0.0335991457,0.8550212,100.137779,18.35286,5.80184937,25.8109245,34,9.026688
10/09/2022 23:24:41,90.5882339,67.05882,60,60,30.19608,30.19608,60,0.672000051,1.672,3.47200012,3.37600017,0.992000043,1.064,1.3440001,3.456,0.528,0.528,0.480000019,0.904000044,1.28000009,1.672,52,45,30,8,23,28,-12,2195.122,10.8533621,10.1081734,10.0000019,10.9375,9.278846,12.4038458,10.8293295,10.0721121,10.5603991,52,52,51,53,52,52,52,51,53,4606.33838,4606.33838,4606.33838,4606.33838,4606.33838,4606.33838,4606.33838,4606.33838,21.9923534,21.2213326,0.07265036,0.974537849,100.137794,18.3011322,5.78549576,25.8272781,34,9.026688
10/09/2022 23:24:47,90.19608,69.8039246,60,60,30.19608,30.19608,60,0.928000033,1.672,3.47200012,3.37600017,0.992000043,1.064,1.35200012,3.47200012,0.528,0.528,0.480000019,0.904000044,1.28000009,1.68000007,52.5,45,30,8,23,28,-13,2268.90747,11.5384579,10.0721121,12.5,11.5384579,10.76923,10.76923,10.76923,11.5384579,11.18691,51,54,51,50,53,51,51,50,55,4606.33838,4606.33838,801.102356,801.102356,4606.33838,4606.33838,4005.51172,4606.33838,19.7170258,19.0353947,0.0270692725,0.823653042,100.137794,18.3227386,5.792328,25.820446,34,9.026688
10/09/2022 23:24:51,91.76471,70.5882339,60,60,30.19608,30.19608,60,0.648,1.672,3.47200012,3.37600017,0.992000043,1.064,1.3440001,3.456,0.528,0.528,0.480000019,0.904000044,1.28000009,1.672,53,45,30,8,23,28,-13,2250,10.9375,9.449405,12.5744047,9.375,9.449405,9.449405,10.2306547,12.5,10.4957161,53,51,59,53,54,53,60,51,60,4606.339,4606.339,4606.339,4606.339,4606.339,4606.339,4606.339,4606.339,21.6476517,21.028223,0.0212000124,0.7634506,100.1378,18.4076843,5.81917953,25.7935944,35,9.026878
10/09/2022 23:24:57,91.37255,68.2353,60,60,30.19608,30.19608,60,1.23200011,1.672,3.456,3.37600017,0.992000043,1.064,1.35200012,3.47200012,0.528,0.528,0.480000019,0.904000044,1.28000009,1.672,58.5,46,30,8,23,28,-12,2216.74878,10.2430582,13.9302845,11.71875,16.40625,15.0201616,11.71875,10.15625,9.526211,12.3399677,52,52,53,51,52,52,52,52,53,4606.33838,4606.33838,4606.33838,4606.33838,4606.33838,4606.33838,4606.33838,4606.33838,32.77017,32.0167351,0.0525128953,0.9379555,100.137787,18.5256958,5.85648727,25.7562866,35,9.026878
10/09/2022 23:25:02,90.19608,67.05882,60,60,30.19608,30.19608,60,0.648,1.672,3.47200012,3.37600017,0.992000043,1.064,1.3440001,3.456,0.528,0.528,0.480000019,0.904000044,1.28000009,1.68000007,53,46,30,8.5,23,28,-12,2198.697,19.23077,18.4615364,20.7692261,19.3750019,18.4615364,16.9230766,18.4615364,19.23077,18.8641663,51,50,51,50,51,51,51,50,52,801.1024,801.1024,4606.339,4606.339,4606.339,4606.339,4606.339,4606.339,23.8626633,23.0842113,0.0544639453,0.962792,100.1378,21.8018188,6.89215851,24.7206154,35,9.026878
10/09/2022 23:25:07,89.8039246,69.01961,60,60,30.19608,30.19608,60,1.184,1.672,3.456,3.37600017,0.992000043,1.064,1.3440001,3.456,0.528,0.528,0.480000019,0.904000044,1.28000009,1.672,54.5,46,30,8,23,28,-12,2327.58618,20.7692261,23.0769215,21.53846,20.9375019,19.9999981,20.92548,20.92548,20.7692261,21.1177826,51,49,50,49,50,50,50,49,52,801.1025,801.1025,4606.339,4606.339,3805.23657,3805.23657,2903.99634,4606.339,23.70874,22.9734859,0.0780938938,0.84901464,100.13781,21.33799,6.745529,24.8672447,35,9.026878
10/09/2022 23:25:31,96.07843,74.90196,60,60,30.19608,30.19608,60,1.21600008,1.672,3.456,3.37600017,0.992000043,1.064,1.3440001,3.456,0.528,0.528,0.480000019,0.904000044,1.28000009,1.672,61,46,30,8.5,23,28,-13,2307.69238,40.0952454,41.4812431,41.54482,41.44946,39.4151344,41.97725,39.7840042,39.4151268,40.6452827,64,62,62,59,62,65,65,54,65,4606.339,4606.339,4606.339,4606.339,4606.339,4606.339,4606.339,4606.339,65.5758057,64.9067,0.05464266,0.93436414,100.13781,19.1996,6.06952667,25.5432472,35,9.026878
10/09/2022 23:25:37,90.98039,69.8039246,60,60,30.19608,30.19608,60,1.03200006,1.672,3.47200012,3.37600017,0.992000043,1.064,1.35200012,3.456,0.528,0.528,0.480000019,0.904000044,1.28000009,1.672,54.5,46,30,8,23,28,-12,2268.90747,23.2451916,26.1538448,24.6153831,25.5769253,21.70673,24.0384579,24.0264416,23.0769215,24.054987,51,51,52,50,50,51,51,49,52,4606.34,4606.34,4606.34,801.102539,4606.34,4606.34,4606.34,4606.34,28.3409939,27.3889,0.200411886,1.00055075,100.137817,18.4944077,5.846596,25.7661781,35,9.026878
10/09/2022 23:25:42,93.7254944,73.3333359,60,60,30.19608,30.19608,60,0.872000039,1.672,3.47200012,3.37600017,0.992000043,1.064,1.3440001,3.456,0.528,0.528,0.480000019,0.904000044,1.28000009,1.672,58,46,30,8.5,23,28,-12,2288.1355,39.9999962,38.76202,31.5384636,32.30769,31.7788486,31.5384636,33.07692,32.30769,33.91377,51,51,51,50,51,51,51,50,52,4606.335,4305.922,4606.335,4005.50854,801.101746,801.101746,801.101746,801.101746,35.6988258,34.93051,0.079293035,0.99052006,100.137718,18.3727188,5.80812454,25.80465,35,9.026878
10/09/2022 23:25:47,92.15687,75.68628,60,60,30.19608,30.19608,60,1.23200011,1.672,3.47200012,3.37600017,0.992000043,1.064,1.3440001,3.47200012,0.528,0.528,0.480000019,0.904000044,1.28000009,1.672,60.5,46,30,8,23,28,-13,2518.65674,29.1418667,35.15625,25.1984119,35.5594749,26.9657249,26.2096767,25.1984119,25,28.5537243,52,51,52,51,51,52,51,50,52,801.102356,801.102356,801.102356,4305.92529,4606.33838,801.102356,801.102356,801.102356,34.353756,33.6087074,0.0302096885,1.01626134,100.137794,18.4638138,5.83692551,25.7758484,35,9.063446
10/09/2022 23:25:52,93.7254944,71.76471,60,60,30.19608,30.19608,60,0.91200006,1.672,3.456,3.37600017,0.992000043,1.056,1.3440001,3.456,0.528,0.528,0.480000019,0.904000044,1.28000009,1.68000007,58.5,46,30,8,23,28,-12,2295.91846,28.90625,29.1294632,29.6875,34.375,28.125,28.3482132,31.25,28.125,29.7433014,54,52,55,65,53,53,53,52,65,4606.339,4606.339,801.1024,801.1024,4606.339,4305.92529,3404.6853,2503.445,33.0571,32.36351,0.0357992724,0.8810364,100.1378,18.4740219,5.84015274,25.7726212,35,9.063446
10/09/2022 23:25:57,93.7254944,72.94118,60,60,30.19608,30.19608,60,0.84800005,1.672,3.47200012,3.37600017,0.992000043,1.064,1.35200012,3.456,0.528,0.528,0.480000019,0.904000044,1.28000009,1.672,54.5,46,30,8,23,28,-13,2288.1355,36.71875,34.375,29.9231167,32.26687,32.2792664,32.26687,31.5228157,29.1418667,32.31181,63,52,55,51,53,52,52,52,63,4606.33838,2002.75586,2002.75586,1702.34241,801.1023,4606.33838,4606.33838,4606.33838,29.6353416,28.9960117,0.00355489762,0.8295782,100.137787,18.64598,5.894512,25.7182617,35,9.063446
10/09/2022 23:26:02,94.90196,73.3333359,60.7843132,60.7843132,30.19608,30.19608,60.7843132,1.024,1.672,3.456,3.37600017,0.992000043,1.056,1.3440001,3.456,0.528,0.528,0.480000019,0.904000044,1.28000009,1.672,56.5,46,30,8,23,28,-12,2307.69238,40.3125,42.7389259,39.2282181,43.75,39.53125,39.54327,40.0094681,40.0094681,40.6403847,51,49,51,50,51,50,50,49,51,4606.336,4606.336,4606.336,4606.336,4606.336,4606.336,4606.336,4606.336,40.5165977,39.8560524,0.0355469622,0.8907864,100.137741,18.3465424,5.79985046,25.8129234,35,9.063446
10/09/2022 23:26:07,94.90196,69.01961,60.7843132,60.7843132,30.19608,30.19608,60.7843132,0.648,1.672,3.47200012,3.37600017,0.992000043,1.064,1.35200012,3.456,0.528,0.528,0.480000019,0.904000044,1.28000009,1.68000007,56,46,31,8,23,28,-13,2093.02319,26.77331,34.1269836,28.125,27.7973766,27.2017365,27.2017365,26.77331,27.34375,28.1679039,51,51,51,50,51,51,51,51,52,3705.09863,2803.8584,4606.339,4606.339,3705.09863,2803.8584,2203.03149,4606.339,46.7883949,46.08646,0.0218373761,0.855164,100.1378,18.4466934,5.83151245,25.7812614,35,9.063446
10/09/2022 23:26:12,92.94118,72.94118,60.7843132,60.7843132,30.19608,30.19608,60.7843132,0.792000055,1.672,3.456,3.37600017,0.992000043,1.056,1.35200012,3.456,0.528,0.528,0.480000019,0.904000044,1.28000009,1.672,57,47,31,8.5,23,28,-12,2307.69238,41.7162666,45.3125,40.76923,39.0625,39.0625,40.1537666,39.0625,39.3725166,40.5639763,52,51,52,51,52,57,53,56,57,4606.339,801.1024,801.1024,801.1024,4606.339,4606.339,801.1024,801.1024,37.76369,37.02907,0.0546417162,0.9259572,100.1378,18.5910873,5.877159,25.7356148,35,9.063446
10/09/2022 23:26:17,94.90196,73.7254944,60.7843132,60.7843132,30.19608,30.19608,60.7843132,0.752000034,1.672,3.47200012,3.37600017,0.992000043,1.064,1.35200012,3.47200012,0.528,0.528,0.480000019,0.904000044,1.28000009,1.672,57,47,31,8,23,28,-13,2276.55981,40.8978157,35.9375,36.71875,35.44147,35.15625,35.4290657,34.6354141,33.8541641,36.0088,52,51,52,51,51,51,52,50,52,4105.65039,4105.65039,3204.41,4606.33936,4706.477,3504.82349,2603.583,1702.34277,42.63068,41.959404,0.05106457,0.8620142,100.13781,18.5726013,5.871315,25.7414589,35,9.064125
10/09/2022 23:26:22,93.3333359,73.3333359,60.7843132,60.7843132,30.19608,30.19608,60.7843132,1.04000008,1.672,3.456,3.37600017,0.992000043,1.056,1.3440001,3.456,0.528,0.528,0.480000019,0.904000044,1.28000009,1.68000007,56,47,31,8,22,28,-12,2319.58765,45.7692261,42.173378,40.76923,40.76923,40.76923,40.76923,41.09375,40.3125,41.5532227,51,50,51,51,51,50,52,51,53,4606.339,801.102356,801.102356,801.102356,801.102356,801.102356,801.102356,4606.339,38.829155,38.05672,0.08241345,0.9532305,100.137794,18.6828156,5.90615463,25.70662,35,9.064125
10/09/2022 23:26:27,95.29412,74.5098,60.7843132,60.7843132,30.19608,30.19608,60.7843132,0.928000033,1.672,3.47200012,3.37600017,0.992000043,1.064,1.35200012,3.456,0.528,0.528,0.480000019,0.904000044,1.28000009,1.672,57,47,31,8,23,28,-12,2284.264,41.40625,39.9999962,38.75,37.6923065,39.53125,36.9230728,37.98077,38.4615364,38.8431435,53,52,53,52,57,52,52,52,57,4606.339,4606.339,4606.339,4606.339,4606.339,4005.51221,4606.339,4606.339,45.14441,44.3663635,0.100184374,0.959317267,100.1378,18.7449417,5.92579651,25.6869774,35,9.064125
10/09/2022 23:26:32,94.90196,74.5098,60.7843132,60.7843132,30.19608,30.19608,60.7843132,0.68,1.672,3.456,3.37600017,0.992000043,1.064,1.3440001,3.456,0.528,0.528,0.480000019,0.904000044,1.28000009,1.672,58,47,31,8.5,23,28,-12,2288.1355,46.09375,43.75,46.875,42.96875,41.40625,42.1875,41.40625,42.1875,43.359375,58,62,62,58,60,59,60,59,62,4606.33838,4606.33838,4606.33838,4606.33838,4606.33838,4005.51172,3104.27148,4606.33838,46.633728,45.9769325,0.0383864529,0.942764,100.137787,18.6898346,5.908375,25.7044,35,9.064125
10/09/2022 23:26:37,96.86275,74.90196,60.7843132,60.7843132,30.19608,30.19608,60.7843132,0.76000005,1.672,3.47200012,3.37600017,0.992000043,1.064,1.3440001,3.456,0.528,0.528,0.480000019,0.904000044,1.28000009,1.672,58,47,31,8,23,28,-12,2295.91846,37.2235527,39.0476151,38.75,37.2115364,36.9230728,44.53125,35.6610527,36.9230728,38.2838974,51,51,53,51,52,51,52,50,53,1001.37762,801.1021,801.1021,801.1021,1602.20422,2002.75525,2002.75525,801.1021,55.235836,54.5381622,0.0352466926,0.844335139,100.137764,18.479599,5.841915,25.7708588,35,9.064125
10/09/2022 23:26:42,97.6470642,76.07843,60.7843132,60.7843132,30.19608,30.19608,60.7843132,1.136,1.672,3.47200012,3.37600017,0.992000043,1.064,1.3440001,3.456,0.528,0.528,0.480000019,0.904000044,1.28000009,1.68000007,60.5,47,31,8,23,28,-12,2315.609,38.28125,40.1537666,45.72173,40.94742,40.1537666,40.94742,37.79762,39.3725166,40.42194,51,52,52,51,52,51,52,50,52,4105.64941,3204.40918,2303.16919,1401.92908,801.1023,801.1023,801.1023,801.1023,56.3275261,55.6501045,0.02140194,0.8380292,100.137787,18.4212952,5.82348251,25.7892914,35,9.064125
10/09/2022 23:26:47,94.90196,78.82353,60.7843132,60.7843132,30.19608,30.19608,60.7843132,1.1680001,1.672,3.47200012,3.37600017,0.992000043,1.064,1.35200012,3.456,0.528,0.528,0.480000019,0.904000044,1.28000009,1.672,59,47,31,8.5,22,28,-12,2415.02686,49.21875,54.6275978,50.012207,52.3809547,50.3968239,50.012207,53.9804649,50.3846169,51.3767,51,51,51,51,52,51,51,50,52,801.10144,801.10144,801.10144,801.10144,801.10144,801.10144,1201.6521,2403.3042,46.1995,45.458725,0.02235696,0.9499876,100.13768,18.5259552,5.85656738,25.7562065,35,9.066711
10/09/2022 23:26:52,98.0392151,77.64706,60.7843132,60.7843132,30.19608,30.19608,60.7843132,1.024,1.672,3.47200012,3.37600017,0.992000043,1.064,1.35200012,3.47200012,0.528,0.528,0.480000019,0.904000044,1.28000009,1.672,61.5,47,31,8.5,22,28,-12,2319.58765,53.0769234,55.0360565,55.80529,53.90625,54.2788429,52.7163429,52.7163429,61.959137,54.9368973,52,51,53,51,52,52,52,51,53,801.10144,801.10144,801.10144,801.10144,801.10144,801.10144,801.10144,801.10144,62.9218254,62.2778053,0.0197664071,0.868262231,100.13768,18.6588516,5.89857864,25.7141953,35,9.066711
10/09/2022 23:26:57,94.5098,73.7254944,60.7843132,60.7843132,30.19608,30.19608,60.7843132,0.648,1.672,3.47200012,3.37600017,0.992000043,1.064,1.3440001,3.456,0.528,0.528,0.480000019,0.904000044,1.28000009,1.672,58,47,31,8,23,28,-13,2343.75,55.384613,56.5745163,53.8461571,55.80529,60.9375,54.2668266,55.0360565,55.0360565,55.860878,51,50,52,51,51,51,51,50,52,801.101868,4706.473,4606.33545,4606.33545,4606.33545,4606.33545,4606.33545,4606.33545,46.9652328,46.3312149,0.014289286,0.8862397,100.137733,18.433754,5.82741928,25.7853546,35,9.066711
10/09/2022 23:27:02,98.82353,75.29412,60.7843132,60.7843132,30.19608,30.19608,60.7843132,1.21600008,1.672,3.456,3.37600017,0.992000043,1.064,1.35200012,3.456,0.528,0.528,0.480000019,0.904000044,1.28000009,1.672,67,47,31,8,23,28,-12,2261.30664,61.71875,63.0769272,59.87103,57.03125,60.15625,60.9375,62.5,68.75,61.7552147,54,53,54,53,54,54,53,52,55,4706.473,4706.473,4606.335,801.101746,801.101746,801.101746,801.101746,801.101746,76.28857,75.65734,0.0196345057,0.9164998,100.137718,18.4138489,5.821129,25.7916451,35,9.066711
10/09/2022 23:27:07,97.6470642,75.68628,60.7843132,60.7843132,30.19608,30.19608,60.7843132,1.0480001,1.672,3.456,3.37600017,0.992000043,1.056,1.3440001,3.456,0.528,0.528,0.480000019,0.904000044,1.28000009,1.68000007,64,47,31,8.5,22,28,-12,2284.264,53.0769234,68.75,53.8461571,53.0769234,57.03125,53.4975929,52.7283669,53.8461571,55.73167,52,52,53,52,53,53,52,51,53,4606.33643,801.102,801.102,801.102,1602.204,4606.33643,4606.33643,4606.33643,68.7717361,68.0486145,0.0406598523,0.9153025,100.137749,18.423996,5.824337,25.7884369,35,9.066711
10/09/2022 23:27:12,97.2549057,77.2549057,60.7843132,60.7843132,30.19608,30.19608,60.7843132,1.064,1.672,3.47200012,3.37600017,0.992000043,1.064,1.3440001,3.456,0.528,0.528,0.480000019,0.904000044,1.28000009,1.672,62.5,47,31,8.5,22,28,-12,2351.91626,59.83383,58.5958481,57.6923065,59.67548,67.47596,58.27133,59.05258,56.92308,59.690052,52,51,52,51,51,51,52,50,52,801.1018,801.1018,801.1018,801.1018,801.1018,801.1018,1201.65271,1602.20361,57.8097954,57.0778122,0.07138351,0.9609644,100.137726,18.46656,5.83779144,25.7749825,35,9.066711
10/09/2022 23:27:17,94.5098,76.47059,60.7843132,60.7843132,30.19608,30.19608,60.7843132,1.2,1.672,3.47200012,3.37600017,0.992000043,1.064,1.35200012,3.456,0.528,0.528,0.480000019,0.904000044,1.28000009,1.672,62.5,47,31,8,23,28,-12,2376.7605,55.7109528,56.81818,59.23077,54.54545,54.9533768,53.43823,53.7878761,53.0303,55.1893959,51,51,53,51,52,52,52,50,53,4606.33643,4005.51,3104.27026,2203.03052,1001.3775,801.102,801.102,801.102,47.81759,47.1269,0.0770164,0.967263639,100.137749,18.4803925,5.842163,25.77061,35,9.063011
10/09/2022 23:27:22,94.90196,72.15686,60.7843132,60.7843132,30.19608,30.19608,60.7843132,1.23200011,1.672,3.47200012,3.37600017,0.992000043,1.064,1.3440001,3.47200012,0.528,0.528,0.480000019,0.904000044,1.28000009,1.672,64,47,31,8.5,23,28,-12,2323.58,58.9182663,60.45673,59.375,59.84623,58.9182663,69.6875,60.46875,64.53373,61.52556,56,53,55,54,58,67,54,55,67,4606.33838,4606.33838,4706.476,4606.33838,4706.476,4606.33838,4606.33838,4606.33838,57.1649628,56.5369568,0.0602207258,1.002654,100.137787,18.5694427,5.87031555,25.7424583,35,9.063011
10/09/2022 23:27:27,96.07843,76.86275,60.7843132,60.7843132,30.19608,30.19608,60.7843132,1.008,1.672,3.47200012,3.37600017,0.992000043,1.064,1.3440001,3.456,0.528,0.528,0.480000019,0.904000044,1.28000009,1.672,62,47,31,8,23,28,-12,2327.58618,60.76923,61.21394,57.6923065,58.14904,67.96875,58.1370163,59.6875,58.9182663,60.3170052,53,52,53,51,53,52,52,51,53,4406.0625,3504.82227,2603.58228,2002.75562,2403.30664,3604.96,4005.51123,4005.51123,54.4520073,53.7545967,0.0434095636,0.9908202,100.137779,18.6154938,5.88487244,25.7279015,35,9.063011
10/09/2022 23:27:32,96.47059,77.2549057,60.7843132,60.7843132,30.19608,30.19608,60.7843132,1.024,1.672,3.47200012,3.37600017,0.992000043,1.064,1.3440001,3.47200012,0.528,0.528,0.480000019,0.904000044,1.28000009,1.68000007,66.5,47,31,8.5,22,28,-12,2335.64014,64.0625,60.0000038,53.8461571,57.8266144,56.1538467,56.1538467,60.4447136,67.52404,59.5014648,56,53,56,55,55,55,56,70,70,4606.339,4606.339,4606.339,4606.339,4606.339,4606.339,4606.339,4606.339,66.3456955,65.57704,0.0647941,1.1482414,100.1378,18.62011,5.88633347,25.72644,35,9.063011
10/09/2022 23:27:37,95.68628,83.13725,60.7843132,60.7843132,30.19608,30.19608,60.7843132,1.16000009,1.672,3.47200012,3.37600017,0.992000043,1.064,1.35200012,3.47200012,0.528,0.528,0.480000019,0.904000044,1.28000009,1.672,65,47,31,8,23,28,-12,2700,60.5288429,56.5745163,57.3798065,57.03125,58.59375,56.25,77.34375,53.4975929,59.6499367,55,53,54,53,54,53,70,53,70,4606.339,4606.339,4606.339,4706.47656,4606.339,4606.339,4606.339,4606.339,57.30241,56.74051,0.009417714,0.9319283,100.137794,18.6933212,5.909477,25.7032967,35,9.063011
10/09/2022 23:27:42,93.7254944,80.39216,60.7843132,60.7843132,30.19608,30.19608,60.7843132,0.640000045,1.672,3.456,3.37600017,0.992000043,1.064,1.3440001,3.47200012,0.528,0.528,0.480000019,0.904000044,1.28000009,1.672,60,47,31,8,23,28,-12,2621.35913,58.9663429,55.384613,55.384613,54.6153831,60.0000038,53.8461571,58.4615364,58.4615364,56.8900223,51,51,52,51,51,51,51,50,52,801.101563,801.101563,801.101563,801.101563,801.101563,801.101563,801.101563,801.101563,48.3268547,47.7105942,0.015357892,0.912428737,100.137695,18.91948,5.98097229,25.6318016,35,9.063011
10/09/2022 23:27:47,94.5098,74.1176453,60.7843132,60.7843132,30.19608,30.19608,60.7843132,1.0480001,1.672,3.456,3.37600017,0.992000043,1.064,1.3440001,3.456,0.528,0.528,0.480000019,0.904000044,1.28000009,1.68000007,63,47,31,8,23,28,-12,2402.13525,68.20914,68.20914,66.92307,66.67068,66.67068,69.53125,72.05529,66.67068,68.117485,55,53,55,53,55,54,66,53,66,4606.339,4606.339,4606.339,4606.339,4606.339,4606.339,4606.339,4606.339,57.2655754,56.5660477,0.07737686,0.9924396,100.1378,18.9419861,5.9880867,25.6246872,35,9.062454
10/09/2022 23:27:52,97.2549057,76.86275,60.7843132,60.7843132,30.19608,30.19608,60.7843132,1.024,1.672,3.456,3.37600017,0.992000043,1.064,1.3440001,3.456,0.528,0.528,0.480000019,0.904000044,1.28000009,1.672,65.5,47,31,8,22,28,-12,2315.609,65.67623,68.47515,61.9047623,66.14624,82.7381,66.17063,65.07937,65.59938,67.7237244,57,54,56,55,67,55,55,55,67,4606.33838,4606.33838,4606.33838,4606.33838,4706.476,4606.33838,4606.33838,4606.33838,69.25409,68.4751053,0.0769668,1.06335068,100.137787,18.897728,5.974098,25.6386757,35,9.062454
10/09/2022 23:27:57,96.86275,76.47059,60.7843132,60.7843132,30.19608,30.19608,60.7843132,1.0480001,1.672,3.456,3.37600017,0.992000043,1.056,1.3440001,3.456,0.528,0.528,0.480000019,0.904000044,1.28000009,1.672,65,47,31,8,22,28,-12,2307.69238,70.3540955,70.50481,70.28082,66.43468,78.64583,67.99756,73.6899,71.0989,71.12583,56,55,57,55,63,56,54,55,63,4305.925,4506.2,4606.33838,4606.33838,4606.33838,4606.33838,4706.476,4606.33838,69.3645554,68.50071,0.195698187,1.14059675,100.137787,18.8678818,5.96466064,25.6481133,35,9.062454
10/09/2022 23:28:02,98.0392151,75.68628,60.7843132,60.7843132,30.19608,30.19608,60.7843132,1.064,1.672,3.47200012,3.37600017,0.992000043,1.064,1.3440001,3.456,0.528,0.528,0.480000019,0.904000044,1.28000009,1.672,68,47,31,8,22,28,-12,2299.82959,72.16346,64.847374,62.7884636,63.2844925,63.5697136,62.99603,61.53846,62.51526,64.2129059,58,55,58,56,57,56,56,56,58,4506.20068,3604.96045,3004.13379,4406.063,4606.33838,4706.476,4606.33838,4606.33838,85.1230545,84.41756,0.0475027226,0.9314664,100.137794,18.8969345,5.97384644,25.6389275,35,9.062454
10/09/2022 23:28:07,96.47059,75.68628,60.7843132,60.7843132,30.19608,30.19608,60.7843132,1.016,1.672,3.47200012,3.37600017,0.992000043,1.064,1.3440001,3.47200012,0.528,0.528,0.480000019,0.904000044,1.28000009,1.672,64.5,47,31,8,23,28,-12,2307.69238,72.8726,70.7692261,73.8461456,71.53846,72.8726,72.09135,80.46875,76.73077,73.898735,56,54,57,55,56,56,60,65,65,4606.33936,4606.33936,4606.33936,4606.33936,4606.33936,4606.33936,4706.477,4606.33936,71.03269,70.17966,0.0823901,1.16790724,100.13781,18.92611,5.98307037,25.6297035,35,9.062454
10/09/2022 23:28:12,98.0392151,76.47059,60.7843132,60.7843132,30.19608,30.19608,60.7843132,1.056,1.672,3.456,3.37600017,0.992000043,1.064,1.3440001,3.456,0.528,0.528,0.480000019,0.904000044,1.28000009,1.672,66,47,31,8.5,22,28,-12,2276.55981,63.8461533,76.30208,65.64102,66.4102554,63.0769272,64.57093,63.8461533,64.07814,65.97146,57,56,57,56,56,56,59,55,59,4205.7876,4205.7876,3604.96069,3004.134,2403.30713,1802.48035,901.2402,801.1024,75.76824,75.1092,0.0558342077,0.969845057,100.1378,18.9933548,6.004326,25.608448,35,9.062454
10/09/2022 23:28:17,98.43137,80,60.7843132,60.7843132,30.19608,30.19608,60.7843132,1.0480001,1.672,3.456,3.37600017,0.992000043,1.064,1.3440001,3.456,0.528,0.528,0.480000019,0.904000044,1.28000009,1.672,66,47,31,8.5,22,28,-12,2423.69849,68.74237,69.2307739,69.5116,71.6641846,70.3296661,69.0476151,69.2307739,77.10813,70.60814,58,56,59,57,58,58,60,60,60,4105.649,4305.925,4305.925,4606.338,4606.338,4406.0625,3805.23584,2903.99585,79.05201,78.2839355,0.101469629,1.01293421,100.137787,18.95839,5.993271,25.619503,35,9.061256
10/09/2022 23:28:22,97.6470642,77.64706,60.7843132,60.7843132,30.19608,30.19608,60.7843132,1.072,1.672,3.456,3.37600017,0.992000043,1.064,1.3440001,3.456,0.528,0.528,0.480000019,0.904000044,1.28000009,1.672,65.5,47,31,8,22,28,-12,2397.86865,67.23776,59.09091,60.6060638,60.46875,59.5454559,60.0142059,60.7717819,58.4753761,60.7762833,54,53,55,54,54,54,54,52,55,2303.169,1702.34216,801.102234,801.102234,801.102234,801.102234,801.102234,801.102234,73.07337,72.38939,0.0275285821,0.8790675,100.137779,18.9591217,5.99350357,25.61927,35,9.061256
10/09/2022 23:28:27,98.82353,74.90196,60.7843132,60.7843132,30.19608,30.19608,60.7843132,1.23200011,1.672,3.456,3.37600017,0.992000043,1.064,1.3440001,3.456,0.528,0.528,0.480000019,0.904000044,1.28000009,1.672,74,47,31,8,22,28,-12,2295.91846,62.5641,73.07692,75.5704346,72.45784,79.05983,75.55804,61.53846,61.53846,70.17051,59,57,58,58,58,70,57,58,70,4606.338,4606.338,4606.338,4606.338,4606.338,4706.47559,4706.47559,4606.338,94.88418,94.1682053,0.00413363473,1.02046061,100.137779,18.96392,5.995022,25.6177521,35,9.061256
10/09/2022 23:28:32,97.6470642,78.82353,60.7843132,60.7843132,30.19608,30.19608,60.7843132,1.21600008,1.672,3.47200012,3.37600017,0.992000043,1.064,1.3440001,3.456,0.528,0.528,0.480000019,0.904000044,1.28000009,1.672,68,47,31,8,23,28,-12,2385.159,65.90144,64.61538,65.625,75,67.4399,65.8774,63.0769272,64.84375,66.54748,59,56,63,58,59,59,58,62,63,4105.649,4205.78662,4205.78662,3304.54663,2703.72,2102.89331,1502.06665,801.102234,84.2116547,83.57313,0.00480091246,0.8864065,100.137779,18.9482117,5.990055,25.6227188,35,9.061256
10/09/2022 23:28:37,98.43137,75.29412,60.7843132,60.7843132,30.19608,30.19608,60.7843132,1.2,1.672,3.47200012,3.37600017,0.992000043,1.064,1.35200012,3.47200012,0.528,0.528,0.480000019,0.904000044,1.28000009,1.672,69.5,47,31,8.5,22,28,-12,2339.688,56.1538467,57.6923065,56.92308,56.92308,55.384613,65.19231,57.6923065,56.92308,57.8605766,63,62,67,65,66,66,65,63,67,4105.64941,4205.787,4205.787,3905.37378,3304.547,2403.307,1802.48022,4606.33838,91.18166,90.5945,0.00411154469,0.8865216,100.137787,18.9454956,5.989197,25.6235771,35,9.061256
10/09/2022 23:28:42,98.0392151,75.68628,60.7843132,60.7843132,30.19608,30.19608,60.7843132,1.192,1.672,3.456,3.36000013,0.992000043,1.064,1.3440001,3.456,0.528,0.528,0.480000019,0.904000044,1.28000009,1.672,69,47,31,8,22,28,-12,2299.82959,71.3942261,63.0769272,64.55853,59.83383,64.847374,66.12103,63.7896843,61.23798,64.3574448,59,56,59,58,58,59,57,57,59,4205.786,3905.3728,3304.54614,2403.3064,1802.47974,1201.6532,801.1021,801.1021,88.16902,87.56381,0.00376737723,0.896210432,100.137764,18.8862686,5.97047424,25.6423,35,9.061256
10/09/2022 23:28:47,100,77.64706,60.7843132,60.7843132,30.19608,30.19608,60.7843132,1.0480001,1.672,3.456,3.37600017,0.992000043,1.064,1.3440001,3.456,0.528,0.528,0.480000019,0.904000044,1.28000009,1.672,66.5,47,31,8,22,28,-12,2331.6062,64.84375,67.1875,66.40625,67.1875,67.1875,67.1875,75,64.35096,67.41888,62,62,64,63,64,64,63,61,64,4005.51123,4005.51123,4005.51123,4005.51123,4005.51123,4205.78662,4205.78662,4205.78662,84.51237,83.8543549,0.00446970668,0.9196723,100.137779,18.88919,5.9713974,25.6413765,35,9.059341
10/09/2022 23:28:52,96.07843,80.78432,60.7843132,60.7843132,30.19608,30.19608,60.7843132,1.072,1.672,3.456,3.37600017,0.992000043,1.064,1.35200012,3.456,0.528,0.528,0.480000019,0.904000044,1.28000009,1.672,63.5,47,31,8,22,28,-12,2468.00732,73.01587,79.6875,73.23909,72.43304,72.4454346,73.2266846,77.9141846,74.02034,74.49777,61,61,63,63,63,63,62,61,63,4005.51123,4005.51123,4005.51123,4105.649,4005.51123,4005.51123,4205.787,4205.787,69.0153,68.40122,0.0055972496,0.928722143,100.137787,18.9449234,5.98901749,25.6237564,35,9.059341
10/09/2022 23:28:57,95.68628,75.68628,60.7843132,60.7843132,30.19608,30.19608,60.7843132,1.056,1.672,3.456,3.37600017,0.992000043,1.064,1.3440001,3.456,0.528,0.528,0.480000019,0.904000044,1.28000009,1.672,64,47,31,8.5,22,28,-12,2331.6062,77.09791,77.8671341,75.38461,76.15385,77.074585,77.08624,83.84615,80.95571,78.18327,61,60,63,62,63,64,64,61,64,3905.37378,3905.37378,4005.51172,4205.787,4406.063,4506.20068,4606.33838,4606.33838,64.832756,64.15337,0.00506271468,1.05957127,100.137787,19.84378,6.27317047,25.3396034,35,9.059341
10/09/2022 23:29:02,96.07843,74.5098,60.7843132,60.7843132,30.19608,30.19608,60.7843132,1.2,1.672,3.47200012,3.37600017,0.992000043,1.064,1.3440001,3.456,0.528,0.528,0.480000019,0.904000044,1.28000009,1.672,68.5,47,31,8,22,28,-12,2311.6438,64.84375,77.34375,64.84375,61.71875,63.28125,61.71875,63.28125,64.0625,65.13672,63,62,65,65,65,65,63,63,65,4005.51123,4005.51123,4105.649,4005.51123,4005.51123,4005.51123,4005.51123,4005.51123,94.07588,93.44379,0.03329101,0.9339394,100.137779,19.9475784,6.30598068,25.3067932,35,9.059341
10/09/2022 23:29:07,95.68628,74.1176453,60.7843132,60.7843132,30.19608,30.19608,60.7843132,1.088,1.672,3.47200012,3.37600017,0.992000043,1.064,1.3440001,3.456,0.528,0.528,0.480000019,0.904000044,1.28000009,1.672,70.5,47,31,8,22,28,-12,2335.64014,71.6641846,75.59524,73.4375,76.38889,76.98412,77.17014,75,72.22222,74.807785,64,63,67,65,66,66,65,64,67,4005.51147,3905.37378,4005.51147,4005.51147,3905.37378,3905.37378,4005.51147,4005.51147,97.79742,97.22698,0.036284823,0.9952408,100.137787,19.78244,6.25377655,25.3589973,35,9.059341
10/09/2022 23:29:12,96.47059,80.78432,60.7843132,60.7843132,30.19608,30.19608,60.7843132,1.024,1.672,3.456,3.37600017,0.992000043,1.064,1.3440001,3.456,0.528,0.528,0.480000019,0.904000044,1.28000009,1.672,64,47,31,8,22,28,-12,2327.58618,72.22222,72.43304,71.42857,71.42857,71.42857,73.01587,75.55804,71.42857,72.36793,60,59,62,62,62,62,60,59,62,4005.51147,4005.51147,3905.37378,4105.64941,4005.51147,4005.51147,3905.37378,3905.37378,74.97948,74.12958,0.17720747,1.05078983,100.137787,19.6012955,6.196514,25.41626,35,9.059341
10/09/2022 23:29:17,97.6470642,74.90196,60.7843132,60.7843132,30.19608,30.19608,60.7843132,1.10400009,1.672,3.47200012,3.37600017,0.992000043,1.064,1.3440001,3.456,0.528,0.528,0.480000019,0.904000044,1.28000009,1.672,67,47,31,8.5,22,28,-12,2327.58618,78.90625,71.875,68.75,71.875,71.875,70.3125,71.09375,71.875,72.07031,62,62,65,63,64,64,62,61,64,3905.373,4005.511,4005.511,3905.373,3905.373,4005.511,4005.511,3905.373,87.85189,87.13596,0.0992088,1.09197342,100.137772,19.26471,6.090107,25.5226669,35,9.062698
10/09/2022 23:29:22,96.07843,76.07843,60.7843132,60.7843132,30.19608,30.19608,60.7843132,1.024,1.672,3.47200012,3.37600017,0.992000043,1.064,1.35200012,3.47200012,0.528,0.528,0.480000019,0.904000044,1.28000009,1.672,64,47,31,8,22,28,-12,2343.75,71.875,77.41586,69.53125,77.69231,69.30804,66.40625,66.40625,65.8774,70.56404,59,62,62,62,63,61,59,58,63,4005.51123,3905.37354,3905.37354,3905.37354,3905.37354,4105.649,4305.925,4506.2,63.4489136,62.8647156,0.00706035271,0.9909235,100.137779,19.2672729,6.09091949,25.5218544,35,9.062698
10/09/2022 23:29:27,97.2549057,82.7451,60.7843132,60.7843132,30.19608,30.19608,60.7843132,1.0480001,1.672,3.47200012,3.37600017,0.992000043,1.064,1.3440001,3.47200012,0.528,0.528,0.480000019,0.904000044,1.28000009,1.672,65,47,31,8,22,28,-12,2368.42114,65.66545,78.64583,67.70833,64.57093,81.05159,67.2171,65.36458,67.99795,69.77772,61,60,63,62,64,62,60,61,64,4005.51074,4005.51074,4005.51074,3905.373,3905.373,4005.51074,4005.51074,4205.78662,64.50512,63.9024658,0.006167769,1.016695,100.137772,19.2249832,6.077549,25.5352249,35,9.062698
10/09/2022 23:29:32,95.68628,78.43137,60.7843132,60.7843132,30.19608,30.19608,60.7843132,1.072,1.672,3.456,3.37600017,0.992000043,1.064,1.3440001,3.456,0.528,0.528,0.480000019,0.904000044,1.28000009,1.672,65,47,31,8,22,28,-12,2566.54,63.71528,57.1428528,59.0401764,57.1428528,57.93651,57.1428528,55.5555573,55.5555573,57.9039574,62,60,64,63,63,64,62,62,64,4005.512,4005.512,4105.65,4005.512,4005.512,4005.512,4005.512,4005.512,72.93716,72.26041,0.00450881338,0.890830338,100.1378,19.25055,6.08563232,25.5271416,35,9.062698
10/09/2022 23:29:37,97.2549057,73.7254944,60.7843132,60.7843132,30.19608,30.19608,60.7843132,1.2,1.672,3.456,3.37600017,0.992000043,1.064,1.3440001,3.456,0.528,0.528,0.480000019,0.904000044,1.28000009,1.672,70.5,47,31,8,22,28,-12,2265.10059,57.8125,61.71875,57.8125,58.59375,57.8125,59.375,70.3125,58.59375,60.2539063,69,67,73,71,71,72,69,69,73,4606.338,4606.338,4606.338,4606.338,4506.2,4406.0625,4305.925,4205.787,102.587486,102.068687,0.00484912237,0.897762835,100.137787,19.18814,6.06590271,25.5468712,35,9.062698
10/09/2022 23:29:42,96.47059,72.54902,60.7843132,60.7843132,30.19608,30.19608,60.7843132,1.2240001,1.672,3.47200012,3.37600017,0.992000043,1.064,1.35200012,3.47200012,0.528,0.528,0.480000019,0.904000044,1.28000009,1.672,69.5,47,31,8,22,28,-12,2315.609,60.3174553,75.47123,58.73016,58.73016,58.73016,60.3174553,60.3174553,61.11111,61.7156525,69,68,72,71,71,71,69,68,72,4606.33838,4606.33838,4606.33838,4606.33838,4606.33838,4606.33838,4606.33838,4606.33838,103.269676,102.760254,0.00468365,0.8957328,100.137787,18.8874283,5.97084045,25.6419334,35,9.062698
10/09/2022 23:29:47,97.6470642,73.7254944,60.7843132,60.7843132,30.19608,30.19608,60.7843132,1.23200011,1.672,3.47200012,3.37600017,0.992000043,1.064,1.3440001,3.47200012,0.528,0.536,0.480000019,0.904000044,1.28000009,1.672,70,47,31,8,22,28,-12,2295.91846,64.28571,66.40625,74.21875,67.73313,68.71794,68.48958,63.7896843,63.76488,67.17574,65,63,67,65,67,66,65,64,67,4005.51123,4005.51123,4105.649,4005.51123,4005.51123,3905.37354,3905.37354,3905.37354,97.46641,96.73888,0.06836768,1.00459135,100.137779,18.883316,5.96953964,25.6432343,35,9.057175
10/09/2022 23:29:52,98.43137,74.1176453,60.7843132,60.7843132,30.19608,30.19608,60.7843132,1.0480001,1.672,3.47200012,3.37600017,0.992000043,1.064,1.3440001,3.47200012,0.528,0.536,0.480000019,0.904000044,1.28000009,1.672,70,47,31,8,22,28,-12,2299.82959,60.9375,77.34375,59.375,61.71875,60.9375,60.15625,60.9375,60.15625,62.6953125,63,61,66,63,66,65,64,62,65,3905.37354,3905.37354,4005.51123,4005.51123,3905.37354,3805.23584,4005.51123,4005.51123,92.7821045,92.0821457,0.0961886346,1.00169671,100.137779,19.0853653,6.033413,25.579361,35,9.057175
10/09/2022 23:29:57,96.86275,73.3333359,60.7843132,60.7843132,30.19608,30.19608,60.7843132,1.23200011,1.664,3.456,3.37600017,0.992000043,1.064,1.3440001,3.456,0.528,0.536,0.480000019,0.904000044,1.28000009,1.672,70.5,47,31,8.5,22,28,-12,2351.91626,66.13343,69.84126,64.28571,67.46032,73.94593,70.08929,67.46032,66.6666641,68.23536,69,66,73,71,73,75,69,69,75,4606.338,4606.338,4606.338,4606.338,4506.2,4406.0625,4305.925,4305.925,106.148148,105.318764,0.06853533,1.18531907,100.137787,19.1250381,6.04595566,25.5668182,35,9.057175
10/09/2022 23:30:02,96.07843,72.94118,60.7843132,60.7843132,30.19608,30.19608,60.7843132,1.20800006,1.672,3.47200012,3.37600017,0.992000043,1.064,1.3440001,3.47200012,0.528,0.536,0.480000019,0.904000044,1.28000009,1.672,71,47,31,8,22,28,-12,2327.58618,78.125,73.4375,69.53125,70.3125,70.3125,67.96875,70.3125,72.65625,71.58203,69,67,71,70,71,71,69,69,71,4305.925,4406.063,4305.925,4205.787,4105.64941,4205.787,4105.64941,4105.64941,101.194351,100.555084,0.0065405895,0.936526835,100.137787,19.1183014,6.043827,25.5689468,35,9.057175
10/09/2022 23:30:07,96.47059,74.5098,60.7843132,60.7843132,30.19608,30.19608,60.7843132,1.2240001,1.672,3.47200012,3.37600017,0.992000043,1.064,1.3440001,3.456,0.528,0.536,0.480000019,0.904000044,1.28000009,1.672,71.5,47,31,8.5,22,28,-12,2376.7605,75.55804,69.28323,67.70833,69.0476151,69.0476151,69.28323,71.09375,67.74554,69.8459244,61,60,63,61,65,61,61,60,66,4105.649,4105.649,4005.511,4005.511,4105.649,4005.511,4005.511,4005.511,97.73431,97.15292,0.00719954,0.9326788,100.137779,19.1114273,6.04165268,25.5711212,35,9.057175
